filename,class,xmin,ymin,xmax,ymax
cardboard1.jpg,cardboard,1,1,512,384
cardboard10.jpg,cardboard,1,1,512,384
cardboard100.jpg,cardboard,1,1,512,384
cardboard101.jpg,cardboard,1,1,512,384
cardboard102.jpg,cardboard,1,1,512,384
cardboard103.jpg,cardboard,1,1,512,384
cardboard104.jpg,cardboard,1,1,512,384
cardboard105.jpg,cardboard,1,1,512,384
cardboard106.jpg,cardboard,1,1,512,384
cardboard107.jpg,cardboard,1,1,512,384
cardboard108.jpg,cardboard,1,1,512,384
cardboard109.jpg,cardboard,78,1,512,384
cardboard11.jpg,cardboard,1,1,512,384
cardboard110.jpg,cardboard,1,1,512,384
cardboard111.jpg,cardboard,1,1,512,384
cardboard112.jpg,cardboard,6,153,491,384
cardboard113.jpg,cardboard,1,1,512,384
cardboard114.jpg,cardboard,1,1,483,384
cardboard115.jpg,cardboard,1,1,512,384
cardboard116.jpg,cardboard,1,1,474,304
cardboard117.jpg,cardboard,1,1,512,384
cardboard118.jpg,cardboard,1,23,503,376
cardboard119.jpg,cardboard,6,16,506,358
cardboard12.jpg,cardboard,1,1,512,384
cardboard120.jpg,cardboard,1,104,512,384
cardboard121.jpg,cardboard,1,1,512,384
cardboard122.jpg,cardboard,1,1,512,384
cardboard123.jpg,cardboard,1,43,512,384
cardboard124.jpg,cardboard,20,1,512,349
cardboard125.jpg,cardboard,1,1,482,384
cardboard126.jpg,cardboard,1,1,512,384
cardboard127.jpg,cardboard,1,1,512,384
cardboard128.jpg,cardboard,1,1,467,302
cardboard129.jpg,cardboard,1,1,512,384
cardboard13.jpg,cardboard,1,1,512,384
cardboard130.jpg,cardboard,40,37,467,343
cardboard131.jpg,cardboard,130,14,477,384
cardboard132.jpg,cardboard,87,66,382,310
cardboard133.jpg,cardboard,93,77,360,331
cardboard134.jpg,cardboard,102,49,348,337
cardboard135.jpg,cardboard,1,1,512,384
cardboard136.jpg,cardboard,124,70,316,270
cardboard137.jpg,cardboard,138,107,345,249
cardboard138.jpg,cardboard,1,1,512,384
cardboard139.jpg,cardboard,1,1,512,384
cardboard14.jpg,cardboard,1,1,512,384
cardboard140.jpg,cardboard,1,1,417,282
cardboard141.jpg,cardboard,1,1,512,384
cardboard142.jpg,cardboard,78,68,383,299
cardboard143.jpg,cardboard,78,29,352,347
cardboard144.jpg,cardboard,84,111,383,350
cardboard145.jpg,cardboard,126,33,368,364
cardboard146.jpg,cardboard,14,1,439,384
cardboard147.jpg,cardboard,1,1,413,384
cardboard148.jpg,cardboard,1,1,460,384
cardboard149.jpg,cardboard,1,1,441,384
cardboard15.jpg,cardboard,1,1,512,384
cardboard150.jpg,cardboard,147,160,368,323
cardboard151.jpg,cardboard,141,120,294,280
cardboard152.jpg,cardboard,173,122,339,314
cardboard153.jpg,cardboard,75,82,278,341
cardboard153.jpg,cardboard,178,22,402,203
cardboard154.jpg,cardboard,63,47,381,352
cardboard155.jpg,cardboard,1,1,512,384
cardboard156.jpg,cardboard,1,1,512,384
cardboard157.jpg,cardboard,1,1,512,384
cardboard158.jpg,cardboard,1,1,512,384
cardboard159.jpg,cardboard,1,1,512,384
cardboard16.jpg,cardboard,1,1,512,384
cardboard160.jpg,cardboard,1,1,512,384
cardboard161.jpg,cardboard,1,6,512,278
cardboard162.jpg,cardboard,1,1,512,384
cardboard163.jpg,cardboard,16,43,456,369
cardboard164.jpg,cardboard,1,1,512,384
cardboard165.jpg,cardboard,1,1,512,384
cardboard166.jpg,cardboard,1,1,423,384
cardboard167.jpg,cardboard,1,115,454,384
cardboard168.jpg,cardboard,1,70,512,321
cardboard169.jpg,cardboard,65,128,372,316
cardboard17.jpg,cardboard,1,1,512,384
cardboard170.jpg,cardboard,83,67,373,312
cardboard171.jpg,cardboard,154,135,382,269
cardboard172.jpg,cardboard,89,36,434,367
cardboard173.jpg,cardboard,56,98,388,329
cardboard174.jpg,cardboard,1,16,482,384
cardboard175.jpg,cardboard,28,1,497,384
cardboard176.jpg,cardboard,1,1,474,384
cardboard177.jpg,cardboard,1,1,464,384
cardboard178.jpg,cardboard,1,1,381,384
cardboard179.jpg,cardboard,52,24,419,384
cardboard18.jpg,cardboard,1,1,512,384
cardboard180.jpg,cardboard,1,33,454,384
cardboard181.jpg,cardboard,1,1,481,384
cardboard182.jpg,cardboard,1,1,456,384
cardboard183.jpg,cardboard,32,1,512,384
cardboard184.jpg,cardboard,1,13,512,313
cardboard185.jpg,cardboard,1,58,512,336
cardboard186.jpg,cardboard,1,23,512,366
cardboard187.jpg,cardboard,14,1,435,384
cardboard188.jpg,cardboard,79,1,411,384
cardboard189.jpg,cardboard,1,1,441,384
cardboard19.jpg,cardboard,1,1,512,384
cardboard190.jpg,cardboard,31,23,463,374
cardboard191.jpg,cardboard,1,1,499,384
cardboard192.jpg,cardboard,1,1,512,384
cardboard193.jpg,cardboard,1,27,495,324
cardboard194.jpg,cardboard,7,35,512,327
cardboard195.jpg,cardboard,57,1,430,381
cardboard196.jpg,cardboard,82,1,512,384
cardboard197.jpg,cardboard,1,56,486,384
cardboard198.jpg,cardboard,4,1,444,384
cardboard199.jpg,cardboard,2,33,457,320
cardboard2.jpg,cardboard,1,1,512,384
cardboard20.jpg,cardboard,1,1,512,384
cardboard200.jpg,cardboard,13,49,512,378
cardboard201.jpg,cardboard,58,1,409,371
cardboard202.jpg,cardboard,102,1,345,384
cardboard203.jpg,cardboard,98,34,419,384
cardboard204.jpg,cardboard,32,10,424,384
cardboard205.jpg,cardboard,21,4,402,366
cardboard206.jpg,cardboard,1,1,450,384
cardboard207.jpg,cardboard,29,1,478,384
cardboard208.jpg,cardboard,12,43,512,311
cardboard209.jpg,cardboard,1,21,496,384
cardboard21.jpg,cardboard,1,1,512,384
cardboard210.jpg,cardboard,1,1,458,384
cardboard211.jpg,cardboard,3,62,490,356
cardboard212.jpg,cardboard,71,1,382,384
cardboard213.jpg,cardboard,24,18,384,384
cardboard214.jpg,cardboard,103,1,323,384
cardboard215.jpg,cardboard,27,35,369,348
cardboard216.jpg,cardboard,123,97,323,286
cardboard217.jpg,cardboard,114,99,343,310
cardboard218.jpg,cardboard,92,81,281,319
cardboard219.jpg,cardboard,18,1,345,373
cardboard22.jpg,cardboard,1,1,512,384
cardboard220.jpg,cardboard,36,67,308,367
cardboard221.jpg,cardboard,1,1,512,384
cardboard222.jpg,cardboard,1,1,512,384
cardboard223.jpg,cardboard,1,1,512,384
cardboard224.jpg,cardboard,1,1,512,384
cardboard225.jpg,cardboard,1,1,512,384
cardboard226.jpg,cardboard,1,1,512,384
cardboard227.jpg,cardboard,1,1,512,384
cardboard228.jpg,cardboard,1,1,469,384
cardboard229.jpg,cardboard,1,1,491,298
cardboard23.jpg,cardboard,1,1,512,384
cardboard230.jpg,cardboard,1,1,512,384
cardboard231.jpg,cardboard,1,1,512,384
cardboard232.jpg,cardboard,1,1,512,384
cardboard233.jpg,cardboard,1,1,512,384
cardboard234.jpg,cardboard,1,1,512,384
cardboard235.jpg,cardboard,1,1,512,384
cardboard236.jpg,cardboard,1,1,512,384
cardboard237.jpg,cardboard,1,1,512,384
cardboard238.jpg,cardboard,72,44,457,334
cardboard239.jpg,cardboard,1,6,512,384
cardboard24.jpg,cardboard,1,1,512,384
cardboard240.jpg,cardboard,1,1,512,384
cardboard241.jpg,cardboard,1,1,512,384
cardboard242.jpg,cardboard,1,1,512,384
cardboard243.jpg,cardboard,1,1,512,384
cardboard244.jpg,cardboard,1,1,512,384
cardboard245.jpg,cardboard,1,1,512,384
cardboard246.jpg,cardboard,20,1,512,384
cardboard247.jpg,cardboard,1,1,512,384
cardboard248.jpg,cardboard,1,1,512,384
cardboard249.jpg,cardboard,1,1,512,384
cardboard25.jpg,cardboard,1,1,512,384
cardboard250.jpg,cardboard,1,1,512,384
cardboard251.jpg,cardboard,1,1,512,384
cardboard252.jpg,cardboard,1,1,512,384
cardboard253.jpg,cardboard,1,1,512,384
cardboard254.jpg,cardboard,1,1,512,384
cardboard255.jpg,cardboard,1,1,512,384
cardboard256.jpg,cardboard,1,1,512,384
cardboard257.jpg,cardboard,1,1,474,384
cardboard258.jpg,cardboard,1,1,512,384
cardboard259.jpg,cardboard,1,1,512,384
cardboard26.jpg,cardboard,1,1,512,384
cardboard260.jpg,cardboard,1,1,512,384
cardboard261.jpg,cardboard,1,1,512,384
cardboard262.jpg,cardboard,1,1,512,384
cardboard263.jpg,cardboard,1,1,512,384
cardboard264.jpg,cardboard,1,1,512,384
cardboard265.jpg,cardboard,1,1,512,384
cardboard266.jpg,cardboard,1,1,512,384
cardboard267.jpg,cardboard,1,1,512,384
cardboard268.jpg,cardboard,1,1,512,384
cardboard269.jpg,cardboard,1,1,512,384
cardboard27.jpg,cardboard,1,1,512,384
cardboard270.jpg,cardboard,1,1,512,384
cardboard271.jpg,cardboard,1,1,512,384
cardboard272.jpg,cardboard,1,1,512,384
cardboard273.jpg,cardboard,1,1,512,384
cardboard274.jpg,cardboard,1,1,512,384
cardboard275.jpg,cardboard,1,1,512,384
cardboard276.jpg,cardboard,1,1,512,384
cardboard277.jpg,cardboard,1,1,512,384
cardboard278.jpg,cardboard,1,1,512,384
cardboard279.jpg,cardboard,1,1,512,384
cardboard28.jpg,cardboard,1,1,512,384
cardboard280.jpg,cardboard,1,1,512,384
cardboard281.jpg,cardboard,1,1,512,384
cardboard282.jpg,cardboard,1,1,512,384
cardboard283.jpg,cardboard,1,1,512,384
cardboard284.jpg,cardboard,1,1,512,384
cardboard285.jpg,cardboard,1,1,512,384
cardboard286.jpg,cardboard,57,1,512,384
cardboard287.jpg,cardboard,1,1,512,384
cardboard288.jpg,cardboard,32,1,512,384
cardboard289.jpg,cardboard,1,1,512,384
cardboard29.jpg,cardboard,1,1,512,384
cardboard290.jpg,cardboard,1,1,512,384
cardboard291.jpg,cardboard,1,1,512,384
cardboard292.jpg,cardboard,1,1,511,383
cardboard293.jpg,cardboard,1,1,512,198
cardboard294.jpg,cardboard,84,1,452,384
cardboard295.jpg,cardboard,1,1,512,384
cardboard296.jpg,cardboard,28,1,381,272
cardboard297.jpg,cardboard,1,1,512,384
cardboard298.jpg,cardboard,1,1,512,384
cardboard299.jpg,cardboard,1,1,512,384
cardboard3.jpg,cardboard,1,1,512,384
cardboard30.jpg,cardboard,1,1,512,384
cardboard300.jpg,cardboard,1,1,512,384
cardboard301.jpg,cardboard,1,1,512,384
cardboard302.jpg,cardboard,1,1,512,384
cardboard303.jpg,cardboard,1,1,512,384
cardboard304.jpg,cardboard,1,1,512,384
cardboard305.jpg,cardboard,1,1,512,384
cardboard306.jpg,cardboard,1,1,512,384
cardboard307.jpg,cardboard,1,1,512,384
cardboard308.jpg,cardboard,1,1,512,384
cardboard309.jpg,cardboard,1,1,512,257
cardboard31.jpg,cardboard,1,1,512,384
cardboard310.jpg,cardboard,1,1,512,384
cardboard311.jpg,cardboard,1,1,512,384
cardboard312.jpg,cardboard,1,1,512,384
cardboard313.jpg,cardboard,1,1,512,384
cardboard314.jpg,cardboard,133,1,512,384
cardboard315.jpg,cardboard,1,1,512,384
cardboard316.jpg,cardboard,1,1,512,384
cardboard317.jpg,cardboard,1,1,512,384
cardboard318.jpg,cardboard,1,1,512,384
cardboard319.jpg,cardboard,1,1,512,384
cardboard32.jpg,cardboard,1,1,512,384
cardboard320.jpg,cardboard,1,1,512,384
cardboard321.jpg,cardboard,1,1,512,384
cardboard322.jpg,cardboard,1,1,512,384
cardboard323.jpg,cardboard,1,1,512,384
cardboard324.jpg,cardboard,1,1,512,384
cardboard325.jpg,cardboard,1,1,512,384
cardboard326.jpg,cardboard,1,1,512,384
cardboard327.jpg,cardboard,1,1,512,384
cardboard328.jpg,cardboard,1,1,512,384
cardboard329.jpg,cardboard,1,1,512,384
cardboard33.jpg,cardboard,1,1,512,384
cardboard330.jpg,cardboard,1,1,512,384
cardboard331.jpg,cardboard,1,1,367,384
cardboard332.jpg,cardboard,1,1,512,384
cardboard333.jpg,cardboard,1,60,456,384
cardboard334.jpg,cardboard,1,1,512,384
cardboard335.jpg,cardboard,1,1,512,384
cardboard336.jpg,cardboard,1,1,512,384
cardboard337.jpg,cardboard,1,1,512,384
cardboard338.jpg,cardboard,1,1,512,384
cardboard339.jpg,cardboard,1,1,512,384
cardboard34.jpg,cardboard,1,1,512,384
cardboard340.jpg,cardboard,1,1,512,384
cardboard341.jpg,cardboard,1,1,512,384
cardboard342.jpg,cardboard,1,1,512,384
cardboard343.jpg,cardboard,1,1,512,384
cardboard344.jpg,cardboard,1,1,512,384
cardboard345.jpg,cardboard,1,1,512,384
cardboard346.jpg,cardboard,1,1,512,384
cardboard347.jpg,cardboard,1,1,512,384
cardboard348.jpg,cardboard,1,1,512,384
cardboard349.jpg,cardboard,1,1,512,384
cardboard35.jpg,cardboard,1,1,512,384
cardboard350.jpg,cardboard,1,35,512,384
cardboard351.jpg,cardboard,1,1,512,384
cardboard352.jpg,cardboard,1,1,512,384
cardboard353.jpg,cardboard,111,86,478,384
cardboard354.jpg,cardboard,34,1,490,384
cardboard355.jpg,cardboard,1,1,512,384
cardboard356.jpg,cardboard,1,1,512,384
cardboard357.jpg,cardboard,1,1,512,384
cardboard358.jpg,cardboard,85,1,512,384
cardboard359.jpg,cardboard,1,1,512,384
cardboard36.jpg,cardboard,1,1,512,384
cardboard360.jpg,cardboard,1,1,512,384
cardboard361.jpg,cardboard,1,1,512,384
cardboard362.jpg,cardboard,1,1,512,384
cardboard363.jpg,cardboard,1,1,512,384
cardboard364.jpg,cardboard,1,26,512,384
cardboard365.jpg,cardboard,1,1,512,384
cardboard366.jpg,cardboard,1,1,512,384
cardboard367.jpg,cardboard,1,1,512,384
cardboard368.jpg,cardboard,1,1,512,384
cardboard369.jpg,cardboard,1,1,512,384
cardboard37.jpg,cardboard,1,1,512,384
cardboard370.jpg,cardboard,1,1,512,384
cardboard371.jpg,cardboard,1,1,512,384
cardboard372.jpg,cardboard,1,1,512,384
cardboard373.jpg,cardboard,1,1,512,384
cardboard374.jpg,cardboard,1,1,512,384
cardboard375.jpg,cardboard,1,1,512,384
cardboard376.jpg,cardboard,1,1,512,384
cardboard377.jpg,cardboard,1,1,512,384
cardboard378.jpg,cardboard,1,1,512,384
cardboard379.jpg,cardboard,1,1,512,384
cardboard38.jpg,cardboard,1,1,512,384
cardboard380.jpg,cardboard,1,1,512,384
cardboard381.jpg,cardboard,1,1,512,384
cardboard382.jpg,cardboard,1,1,512,384
cardboard383.jpg,cardboard,1,1,512,384
cardboard384.jpg,cardboard,1,1,404,384
cardboard385.jpg,cardboard,63,50,453,342
cardboard386.jpg,cardboard,1,1,512,384
cardboard387.jpg,cardboard,56,1,439,384
cardboard388.jpg,cardboard,1,1,512,384
cardboard389.jpg,cardboard,1,1,512,384
cardboard39.jpg,cardboard,1,1,512,384
cardboard390.jpg,cardboard,1,1,512,384
cardboard391.jpg,cardboard,1,1,512,384
cardboard392.jpg,cardboard,1,153,512,361
cardboard393.jpg,cardboard,1,1,512,384
cardboard394.jpg,cardboard,1,1,512,384
cardboard395.jpg,cardboard,1,1,512,384
cardboard396.jpg,cardboard,1,1,512,384
cardboard397.jpg,cardboard,1,1,512,384
cardboard398.jpg,cardboard,1,1,512,384
cardboard399.jpg,cardboard,1,1,512,384
cardboard4.jpg,cardboard,1,1,512,384
cardboard40.jpg,cardboard,1,1,512,384
cardboard400.jpg,cardboard,1,1,512,384
cardboard401.jpg,cardboard,1,1,512,384
cardboard402.jpg,cardboard,1,1,512,384
cardboard403.jpg,cardboard,1,84,512,384
cardboard41.jpg,cardboard,1,1,512,384
cardboard42.jpg,cardboard,1,1,512,384
cardboard43.jpg,cardboard,1,1,512,384
cardboard44.jpg,cardboard,1,1,512,384
cardboard45.jpg,cardboard,1,1,512,384
cardboard46.jpg,cardboard,1,1,512,384
cardboard47.jpg,cardboard,1,1,512,384
cardboard48.jpg,cardboard,1,1,512,384
cardboard49.jpg,cardboard,1,1,512,384
cardboard5.jpg,cardboard,1,1,512,384
cardboard50.jpg,cardboard,1,1,512,384
cardboard51.jpg,cardboard,1,1,512,384
cardboard52.jpg,cardboard,1,1,512,384
cardboard53.jpg,cardboard,1,1,512,384
cardboard54.jpg,cardboard,1,1,512,384
cardboard55.jpg,cardboard,1,1,512,384
cardboard56.jpg,cardboard,1,1,512,384
cardboard57.jpg,cardboard,1,1,512,384
cardboard58.jpg,cardboard,1,1,512,384
cardboard59.jpg,cardboard,1,1,512,384
cardboard6.jpg,cardboard,1,1,512,384
cardboard60.jpg,cardboard,1,1,512,384
cardboard61.jpg,cardboard,1,1,512,384
cardboard62.jpg,cardboard,1,1,512,384
cardboard63.jpg,cardboard,1,1,512,384
cardboard64.jpg,cardboard,1,1,512,384
cardboard65.jpg,cardboard,1,1,512,384
cardboard66.jpg,cardboard,1,1,512,384
cardboard67.jpg,cardboard,1,1,512,384
cardboard68.jpg,cardboard,1,1,512,384
cardboard69.jpg,cardboard,1,1,512,384
cardboard7.jpg,cardboard,1,1,512,384
cardboard70.jpg,cardboard,1,1,512,384
cardboard71.jpg,cardboard,1,1,512,384
cardboard72.jpg,cardboard,1,1,512,384
cardboard73.jpg,cardboard,1,1,512,384
cardboard74.jpg,cardboard,1,1,512,384
cardboard75.jpg,cardboard,1,1,512,384
cardboard76.jpg,cardboard,1,1,512,384
cardboard77.jpg,cardboard,1,1,512,384
cardboard78.jpg,cardboard,1,1,512,384
cardboard79.jpg,cardboard,1,1,512,384
cardboard8.jpg,cardboard,1,1,512,384
cardboard80.jpg,cardboard,1,1,512,384
cardboard81.jpg,cardboard,1,1,512,384
cardboard82.jpg,cardboard,1,1,512,384
cardboard83.jpg,cardboard,1,1,512,384
cardboard84.jpg,cardboard,1,1,512,384
cardboard85.jpg,cardboard,1,1,512,384
cardboard86.jpg,cardboard,1,1,512,384
cardboard87.jpg,cardboard,1,1,512,384
cardboard88.jpg,cardboard,1,1,512,384
cardboard89.jpg,cardboard,1,1,512,384
cardboard9.jpg,cardboard,1,1,512,384
cardboard90.jpg,cardboard,1,1,512,384
cardboard91.jpg,cardboard,1,1,512,384
cardboard92.jpg,cardboard,1,1,512,384
cardboard93.jpg,cardboard,1,1,512,384
cardboard94.jpg,cardboard,1,1,512,384
cardboard95.jpg,cardboard,1,1,512,384
cardboard96.jpg,cardboard,1,1,512,384
cardboard97.jpg,cardboard,1,1,512,384
cardboard98.jpg,cardboard,1,1,512,384
cardboard99.jpg,cardboard,1,1,512,384
glass1.jpg,glass,190,182,439,321
glass10.jpg,glass,1,265,512,384
glass100.jpg,glass,19,107,488,314
glass101.jpg,glass,164,21,445,384
glass102.jpg,glass,67,107,417,250
glass103.jpg,glass,185,1,423,384
glass104.jpg,glass,1,37,465,195
glass105.jpg,glass,156,94,397,384
glass106.jpg,glass,168,1,310,352
glass107.jpg,glass,188,1,439,384
glass108.jpg,glass,123,95,367,294
glass109.jpg,glass,120,1,512,353
glass11.jpg,glass,57,77,447,295
glass110.jpg,glass,105,60,374,384
glass111.jpg,glass,116,42,410,316
glass112.jpg,glass,78,179,436,384
glass113.jpg,glass,47,138,447,251
glass114.jpg,glass,145,71,512,384
glass115.jpg,glass,200,108,313,221
glass116.jpg,glass,1,95,385,318
glass117.jpg,glass,91,1,512,326
glass118.jpg,glass,1,36,512,240
glass119.jpg,glass,85,1,351,384
glass12.jpg,glass,57,73,321,224
glass120.jpg,glass,250,105,512,384
glass121.jpg,glass,1,53,512,272
glass122.jpg,glass,1,1,331,378
glass123.jpg,glass,55,1,436,264
glass124.jpg,glass,1,76,460,289
glass125.jpg,glass,25,137,512,289
glass126.jpg,glass,149,1,512,384
glass127.jpg,glass,221,122,327,229
glass128.jpg,glass,33,66,512,254
glass129.jpg,glass,179,1,512,384
glass13.jpg,glass,67,82,303,294
glass130.jpg,glass,141,91,512,279
glass131.jpg,glass,128,1,421,309
glass132.jpg,glass,172,117,315,258
glass133.jpg,glass,175,53,512,380
glass134.jpg,glass,154,156,512,384
glass135.jpg,glass,95,65,407,261
glass136.jpg,glass,189,77,365,384
glass137.jpg,glass,1,123,380,304
glass138.jpg,glass,52,55,372,384
glass139.jpg,glass,1,1,512,384
glass14.jpg,glass,177,132,330,245
glass140.jpg,glass,118,104,325,256
glass141.jpg,glass,1,1,319,384
glass142.jpg,glass,61,1,512,384
glass143.jpg,glass,1,103,512,359
glass144.jpg,glass,137,45,362,344
glass145.jpg,glass,1,119,512,350
glass146.jpg,glass,177,1,372,384
glass147.jpg,glass,106,62,315,217
glass148.jpg,glass,28,91,512,384
glass149.jpg,glass,1,71,506,205
glass15.jpg,glass,104,117,303,272
glass150.jpg,glass,34,36,372,333
glass151.jpg,glass,1,101,512,350
glass152.jpg,glass,54,112,480,263
glass153.jpg,glass,121,33,381,292
glass154.jpg,glass,203,1,512,384
glass155.jpg,glass,98,109,512,334
glass156.jpg,glass,1,8,512,384
glass157.jpg,glass,1,1,405,384
glass158.jpg,glass,169,96,449,384
glass159.jpg,glass,169,69,357,384
glass16.jpg,glass,96,51,295,206
glass160.jpg,glass,133,75,399,323
glass161.jpg,glass,82,137,378,235
glass162.jpg,glass,113,88,459,384
glass163.jpg,glass,1,17,309,340
glass164.jpg,glass,188,39,512,384
glass165.jpg,glass,1,1,407,230
glass166.jpg,glass,49,152,390,255
glass167.jpg,glass,18,63,338,360
glass168.jpg,glass,174,60,426,301
glass169.jpg,glass,141,36,400,323
glass17.jpg,glass,1,59,496,293
glass170.jpg,glass,138,99,328,288
glass171.jpg,glass,100,95,405,278
glass172.jpg,glass,153,123,477,269
glass173.jpg,glass,158,131,354,322
glass174.jpg,glass,1,1,429,384
glass175.jpg,glass,161,141,312,288
glass176.jpg,glass,1,1,512,291
glass177.jpg,glass,1,94,462,325
glass178.jpg,glass,123,126,287,214
glass179.jpg,glass,1,109,427,384
glass18.jpg,glass,22,158,512,334
glass180.jpg,glass,46,127,282,262
glass181.jpg,glass,10,188,463,295
glass182.jpg,glass,161,103,284,227
glass183.jpg,glass,140,113,274,244
glass184.jpg,glass,153,1,512,311
glass185.jpg,glass,47,35,461,307
glass186.jpg,glass,82,41,428,384
glass187.jpg,glass,79,116,293,244
glass188.jpg,glass,127,79,270,285
glass189.jpg,glass,225,1,512,271
glass19.jpg,glass,33,103,512,379
glass190.jpg,glass,1,104,398,384
glass191.jpg,glass,117,130,281,243
glass192.jpg,glass,1,1,512,344
glass193.jpg,glass,142,86,325,250
glass194.jpg,glass,77,110,302,236
glass195.jpg,glass,70,32,401,366
glass196.jpg,glass,140,23,341,324
glass197.jpg,glass,224,127,399,384
glass198.jpg,glass,121,24,386,362
glass199.jpg,glass,6,1,485,384
glass2.jpg,glass,76,97,281,277
glass20.jpg,glass,128,1,450,384
glass200.jpg,glass,50,1,512,366
glass201.jpg,glass,82,119,506,384
glass202.jpg,glass,117,48,380,312
glass203.jpg,glass,118,112,379,278
glass204.jpg,glass,59,119,292,277
glass205.jpg,glass,84,28,268,347
glass206.jpg,glass,73,71,416,329
glass207.jpg,glass,85,110,385,267
glass208.jpg,glass,30,72,431,283
glass209.jpg,glass,57,89,299,214
glass21.jpg,glass,1,3,438,365
glass210.jpg,glass,107,86,356,286
glass211.jpg,glass,70,102,315,230
glass212.jpg,glass,145,155,300,280
glass213.jpg,glass,219,180,301,266
glass214.jpg,glass,202,74,304,317
glass215.jpg,glass,145,76,365,295
glass216.jpg,glass,73,137,327,233
glass217.jpg,glass,93,105,307,261
glass218.jpg,glass,81,87,407,266
glass219.jpg,glass,56,1,429,384
glass22.jpg,glass,199,128,405,384
glass220.jpg,glass,85,150,277,234
glass221.jpg,glass,216,59,319,315
glass222.jpg,glass,160,137,372,276
glass223.jpg,glass,163,156,296,248
glass224.jpg,glass,45,153,292,240
glass225.jpg,glass,106,111,403,259
glass226.jpg,glass,158,160,450,384
glass227.jpg,glass,99,149,327,302
glass228.jpg,glass,215,125,323,234
glass229.jpg,glass,85,143,442,293
glass23.jpg,glass,70,9,512,381
glass230.jpg,glass,104,132,342,248
glass231.jpg,glass,94,12,243,384
glass232.jpg,glass,95,81,428,332
glass233.jpg,glass,173,1,436,202
glass234.jpg,glass,1,176,221,280
glass235.jpg,glass,150,146,336,384
glass236.jpg,glass,101,95,345,266
glass237.jpg,glass,68,142,292,226
glass238.jpg,glass,140,1,287,232
glass239.jpg,glass,208,159,512,269
glass24.jpg,glass,202,146,300,246
glass240.jpg,glass,271,139,512,384
glass241.jpg,glass,124,190,284,384
glass242.jpg,glass,263,108,512,242
glass243.jpg,glass,241,1,441,384
glass244.jpg,glass,8,132,388,259
glass245.jpg,glass,83,67,396,320
glass246.jpg,glass,32,172,289,305
glass247.jpg,glass,1,130,369,347
glass248.jpg,glass,56,118,454,293
glass249.jpg,glass,61,164,410,337
glass25.jpg,glass,121,123,472,384
glass250.jpg,glass,76,138,400,274
glass251.jpg,glass,66,67,333,284
glass252.jpg,glass,190,167,322,384
glass253.jpg,glass,195,123,360,384
glass254.jpg,glass,46,285,485,384
glass255.jpg,glass,43,16,430,184
glass256.jpg,glass,1,241,348,384
glass257.jpg,glass,227,55,345,260
glass258.jpg,glass,1,163,370,376
glass259.jpg,glass,67,168,362,317
glass26.jpg,glass,41,68,442,319
glass260.jpg,glass,125,116,512,384
glass261.jpg,glass,101,120,490,384
glass262.jpg,glass,234,193,369,384
glass263.jpg,glass,1,177,285,357
glass264.jpg,glass,117,72,495,384
glass265.jpg,glass,159,77,425,384
glass266.jpg,glass,1,149,298,384
glass267.jpg,glass,24,45,477,225
glass268.jpg,glass,1,1,401,341
glass269.jpg,glass,1,1,484,253
glass27.jpg,glass,155,36,423,384
glass270.jpg,glass,158,1,345,354
glass271.jpg,glass,149,12,355,378
glass272.jpg,glass,1,93,439,256
glass273.jpg,glass,138,33,388,384
glass274.jpg,glass,1,79,370,302
glass275.jpg,glass,244,1,469,384
glass276.jpg,glass,206,173,348,384
glass277.jpg,glass,88,123,512,289
glass278.jpg,glass,294,1,512,164
glass279.jpg,glass,1,1,512,284
glass28.jpg,glass,134,1,401,309
glass280.jpg,glass,1,1,328,384
glass281.jpg,glass,224,144,337,259
glass282.jpg,glass,113,46,372,307
glass283.jpg,glass,174,112,460,384
glass284.jpg,glass,169,134,512,384
glass285.jpg,glass,169,203,426,384
glass286.jpg,glass,192,69,375,384
glass287.jpg,glass,1,137,382,384
glass288.jpg,glass,151,74,316,254
glass289.jpg,glass,161,77,385,354
glass29.jpg,glass,204,1,445,384
glass290.jpg,glass,1,1,331,384
glass291.jpg,glass,242,1,487,384
glass292.jpg,glass,240,77,438,384
glass293.jpg,glass,103,87,512,384
glass294.jpg,glass,56,51,350,301
glass295.jpg,glass,99,98,343,320
glass296.jpg,glass,57,92,391,384
glass297.jpg,glass,87,72,333,312
glass298.jpg,glass,145,1,378,189
glass299.jpg,glass,84,52,512,207
glass3.jpg,glass,141,116,297,245
glass30.jpg,glass,213,86,356,384
glass300.jpg,glass,222,38,405,384
glass301.jpg,glass,1,49,495,248
glass302.jpg,glass,81,8,381,309
glass303.jpg,glass,43,114,512,287
glass304.jpg,glass,203,109,357,243
glass305.jpg,glass,67,123,436,237
glass306.jpg,glass,52,33,467,235
glass307.jpg,glass,1,28,346,319
glass308.jpg,glass,45,16,406,375
glass309.jpg,glass,119,1,512,378
glass31.jpg,glass,26,48,347,384
glass310.jpg,glass,1,127,457,384
glass311.jpg,glass,33,126,512,328
glass312.jpg,glass,1,1,378,384
glass313.jpg,glass,1,25,372,384
glass314.jpg,glass,1,49,251,305
glass315.jpg,glass,80,102,444,384
glass316.jpg,glass,41,1,512,384
glass317.jpg,glass,19,141,471,261
glass318.jpg,glass,111,1,512,384
glass319.jpg,glass,1,121,512,344
glass32.jpg,glass,154,93,512,384
glass320.jpg,glass,32,134,425,273
glass321.jpg,glass,133,1,330,384
glass322.jpg,glass,85,126,402,384
glass323.jpg,glass,1,95,266,384
glass324.jpg,glass,71,43,512,384
glass325.jpg,glass,124,90,306,248
glass326.jpg,glass,64,1,512,315
glass327.jpg,glass,1,91,491,299
glass328.jpg,glass,189,1,391,384
glass329.jpg,glass,204,62,409,384
glass33.jpg,glass,110,19,512,384
glass330.jpg,glass,152,93,345,384
glass331.jpg,glass,119,64,387,309
glass332.jpg,glass,37,20,449,311
glass333.jpg,glass,205,1,398,356
glass334.jpg,glass,1,1,512,377
glass335.jpg,glass,161,98,482,384
glass336.jpg,glass,74,50,426,283
glass337.jpg,glass,101,1,281,278
glass338.jpg,glass,98,117,355,264
glass339.jpg,glass,207,121,310,224
glass34.jpg,glass,18,51,440,329
glass340.jpg,glass,106,5,512,384
glass341.jpg,glass,111,1,512,327
glass342.jpg,glass,93,1,482,384
glass343.jpg,glass,188,66,462,384
glass344.jpg,glass,209,137,325,247
glass345.jpg,glass,210,19,424,384
glass346.jpg,glass,160,1,512,384
glass347.jpg,glass,12,154,316,384
glass348.jpg,glass,51,73,464,259
glass349.jpg,glass,117,171,450,384
glass35.jpg,glass,15,1,451,358
glass350.jpg,glass,194,79,512,384
glass351.jpg,glass,1,1,512,240
glass352.jpg,glass,104,58,370,373
glass353.jpg,glass,161,134,356,384
glass354.jpg,glass,28,119,442,259
glass355.jpg,glass,114,1,512,282
glass356.jpg,glass,66,19,415,336
glass357.jpg,glass,1,1,512,384
glass358.jpg,glass,212,86,512,361
glass359.jpg,glass,1,1,512,295
glass36.jpg,glass,164,113,512,384
glass360.jpg,glass,67,97,512,266
glass361.jpg,glass,123,61,425,384
glass362.jpg,glass,127,61,323,308
glass363.jpg,glass,27,160,512,330
glass364.jpg,glass,1,1,512,384
glass365.jpg,glass,158,1,338,274
glass366.jpg,glass,242,84,477,384
glass367.jpg,glass,88,143,512,304
glass368.jpg,glass,237,63,404,384
glass369.jpg,glass,75,137,512,384
glass37.jpg,glass,28,128,473,247
glass370.jpg,glass,65,110,512,267
glass371.jpg,glass,107,64,395,384
glass372.jpg,glass,48,127,409,250
glass373.jpg,glass,179,1,329,349
glass374.jpg,glass,2,59,512,301
glass375.jpg,glass,121,88,512,338
glass376.jpg,glass,74,117,512,384
glass377.jpg,glass,55,1,432,384
glass378.jpg,glass,178,152,489,384
glass379.jpg,glass,1,1,397,372
glass38.jpg,glass,80,132,445,384
glass380.jpg,glass,158,116,326,245
glass381.jpg,glass,1,24,512,303
glass382.jpg,glass,211,108,467,384
glass383.jpg,glass,101,22,471,379
glass384.jpg,glass,1,87,477,243
glass385.jpg,glass,144,1,438,384
glass386.jpg,glass,186,126,512,384
glass387.jpg,glass,41,59,408,331
glass388.jpg,glass,190,1,464,384
glass389.jpg,glass,136,33,463,384
glass39.jpg,glass,83,89,448,303
glass390.jpg,glass,4,130,499,384
glass391.jpg,glass,66,12,497,384
glass392.jpg,glass,128,20,435,316
glass393.jpg,glass,210,60,499,384
glass394.jpg,glass,1,1,326,316
glass395.jpg,glass,82,165,512,343
glass396.jpg,glass,219,1,512,315
glass397.jpg,glass,1,50,477,326
glass398.jpg,glass,122,76,374,307
glass399.jpg,glass,1,76,473,330
glass4.jpg,glass,124,115,341,273
glass40.jpg,glass,1,1,512,384
glass400.jpg,glass,211,1,512,384
glass401.jpg,glass,1,1,512,384
glass402.jpg,glass,133,29,512,384
glass403.jpg,glass,94,171,479,384
glass404.jpg,glass,219,82,353,240
glass405.jpg,glass,194,1,400,384
glass406.jpg,glass,54,69,505,318
glass407.jpg,glass,40,5,512,270
glass408.jpg,glass,1,67,512,316
glass409.jpg,glass,91,60,475,320
glass41.jpg,glass,166,82,399,335
glass410.jpg,glass,42,141,512,384
glass411.jpg,glass,1,1,473,384
glass412.jpg,glass,22,28,470,345
glass413.jpg,glass,23,129,467,294
glass414.jpg,glass,35,19,365,313
glass415.jpg,glass,84,124,430,228
glass416.jpg,glass,57,122,480,384
glass417.jpg,glass,116,31,512,362
glass418.jpg,glass,153,75,309,384
glass419.jpg,glass,66,59,355,327
glass42.jpg,glass,1,1,377,364
glass420.jpg,glass,1,47,512,384
glass421.jpg,glass,165,33,512,245
glass422.jpg,glass,115,84,326,247
glass423.jpg,glass,10,22,512,350
glass424.jpg,glass,120,1,280,296
glass425.jpg,glass,97,44,429,335
glass426.jpg,glass,105,140,512,369
glass427.jpg,glass,58,52,353,315
glass428.jpg,glass,73,65,372,360
glass429.jpg,glass,167,100,512,357
glass43.jpg,glass,1,21,447,384
glass430.jpg,glass,169,67,402,384
glass431.jpg,glass,1,43,512,283
glass432.jpg,glass,83,90,512,384
glass433.jpg,glass,129,51,512,384
glass434.jpg,glass,54,63,512,384
glass435.jpg,glass,8,1,493,384
glass436.jpg,glass,149,1,400,384
glass437.jpg,glass,127,89,512,267
glass438.jpg,glass,62,125,425,282
glass439.jpg,glass,1,1,369,312
glass44.jpg,glass,30,98,443,224
glass440.jpg,glass,179,1,494,287
glass441.jpg,glass,88,129,433,384
glass442.jpg,glass,1,17,512,384
glass443.jpg,glass,108,128,512,384
glass444.jpg,glass,182,104,306,218
glass445.jpg,glass,1,78,512,282
glass446.jpg,glass,23,101,472,236
glass447.jpg,glass,182,56,444,322
glass448.jpg,glass,1,66,292,329
glass449.jpg,glass,225,82,438,264
glass45.jpg,glass,145,105,512,384
glass450.jpg,glass,1,88,512,384
glass451.jpg,glass,1,29,495,353
glass452.jpg,glass,208,67,460,384
glass453.jpg,glass,161,105,373,312
glass454.jpg,glass,106,50,381,292
glass455.jpg,glass,1,1,383,384
glass456.jpg,glass,22,101,512,297
glass457.jpg,glass,148,97,512,384
glass458.jpg,glass,158,28,423,376
glass459.jpg,glass,124,1,434,206
glass46.jpg,glass,64,107,430,283
glass460.jpg,glass,24,111,405,253
glass461.jpg,glass,1,1,367,319
glass462.jpg,glass,1,20,335,340
glass463.jpg,glass,210,75,512,384
glass464.jpg,glass,1,19,512,295
glass465.jpg,glass,96,133,512,353
glass466.jpg,glass,138,154,373,384
glass467.jpg,glass,155,80,512,384
glass468.jpg,glass,19,1,380,322
glass469.jpg,glass,216,1,415,305
glass47.jpg,glass,113,136,383,289
glass470.jpg,glass,1,126,512,384
glass471.jpg,glass,147,1,337,384
glass472.jpg,glass,220,1,389,316
glass473.jpg,glass,182,123,428,384
glass474.jpg,glass,64,157,284,319
glass475.jpg,glass,24,57,250,292
glass476.jpg,glass,171,59,317,384
glass477.jpg,glass,80,119,384,270
glass478.jpg,glass,73,87,512,384
glass479.jpg,glass,104,1,512,384
glass48.jpg,glass,138,153,309,306
glass480.jpg,glass,1,1,512,384
glass481.jpg,glass,1,1,512,384
glass482.jpg,glass,205,1,512,326
glass483.jpg,glass,114,147,495,384
glass484.jpg,glass,148,154,450,384
glass485.jpg,glass,110,4,406,384
glass486.jpg,glass,1,111,512,384
glass487.jpg,glass,1,111,512,384
glass488.jpg,glass,102,42,386,297
glass489.jpg,glass,1,37,435,384
glass49.jpg,glass,151,1,463,361
glass490.jpg,glass,160,1,437,384
glass491.jpg,glass,128,154,512,303
glass492.jpg,glass,1,1,387,384
glass493.jpg,glass,66,5,351,356
glass494.jpg,glass,193,107,384,269
glass495.jpg,glass,173,78,365,260
glass496.jpg,glass,80,57,441,253
glass497.jpg,glass,1,1,349,314
glass498.jpg,glass,120,1,458,384
glass499.jpg,glass,123,1,319,264
glass5.jpg,glass,147,136,268,256
glass50.jpg,glass,1,1,368,303
glass500.jpg,glass,1,144,393,264
glass501.jpg,glass,29,71,512,384
glass51.jpg,glass,166,131,403,384
glass52.jpg,glass,4,64,333,333
glass53.jpg,glass,232,167,452,384
glass54.jpg,glass,193,1,496,384
glass55.jpg,glass,1,1,381,321
glass56.jpg,glass,196,6,461,384
glass57.jpg,glass,195,58,512,384
glass58.jpg,glass,186,1,389,350
glass59.jpg,glass,155,119,512,384
glass6.jpg,glass,179,61,320,280
glass60.jpg,glass,170,1,512,251
glass61.jpg,glass,134,22,512,384
glass62.jpg,glass,1,1,512,384
glass63.jpg,glass,198,57,391,384
glass64.jpg,glass,129,112,391,384
glass65.jpg,glass,76,29,512,384
glass66.jpg,glass,1,74,408,325
glass67.jpg,glass,50,98,512,384
glass68.jpg,glass,85,1,512,384
glass69.jpg,glass,31,123,333,256
glass7.jpg,glass,159,43,445,384
glass70.jpg,glass,1,115,496,384
glass71.jpg,glass,175,13,362,336
glass72.jpg,glass,144,64,512,384
glass73.jpg,glass,144,109,512,330
glass74.jpg,glass,189,138,280,226
glass75.jpg,glass,37,103,417,280
glass76.jpg,glass,185,65,401,282
glass77.jpg,glass,89,1,512,325
glass78.jpg,glass,1,61,512,205
glass79.jpg,glass,211,1,420,340
glass8.jpg,glass,147,169,354,384
glass80.jpg,glass,1,1,418,324
glass81.jpg,glass,47,112,445,284
glass82.jpg,glass,191,1,402,329
glass83.jpg,glass,23,56,512,210
glass84.jpg,glass,151,88,456,329
glass85.jpg,glass,1,1,512,384
glass86.jpg,glass,115,105,512,384
glass87.jpg,glass,140,123,446,302
glass88.jpg,glass,65,94,421,208
glass89.jpg,glass,93,50,418,352
glass9.jpg,glass,90,74,382,328
glass90.jpg,glass,137,1,381,384
glass91.jpg,glass,221,117,512,384
glass92.jpg,glass,116,63,363,315
glass93.jpg,glass,1,52,512,226
glass94.jpg,glass,233,179,392,384
glass95.jpg,glass,56,139,395,267
glass96.jpg,glass,171,65,344,384
glass97.jpg,glass,259,1,512,384
glass98.jpg,glass,104,1,380,384
glass99.jpg,glass,141,51,512,384
metal1.jpg,metal,1,1,312,288
metal10.jpg,metal,253,1,512,384
metal100.jpg,metal,84,15,439,348
metal101.jpg,metal,167,103,496,364
metal102.jpg,metal,155,71,369,336
metal103.jpg,metal,117,92,383,310
metal104.jpg,metal,186,1,449,257
metal105.jpg,metal,61,72,512,384
metal106.jpg,metal,115,105,453,384
metal107.jpg,metal,80,52,374,327
metal108.jpg,metal,1,40,512,384
metal109.jpg,metal,225,1,512,335
metal11.jpg,metal,21,1,512,384
metal110.jpg,metal,15,103,391,374
metal111.jpg,metal,73,1,512,384
metal112.jpg,metal,100,44,512,384
metal113.jpg,metal,184,61,512,384
metal114.jpg,metal,1,37,512,384
metal115.jpg,metal,1,1,512,257
metal116.jpg,metal,131,95,379,336
metal117.jpg,metal,94,12,446,361
metal118.jpg,metal,1,1,512,365
metal119.jpg,metal,133,46,394,296
metal12.jpg,metal,1,97,512,384
metal120.jpg,metal,5,17,501,379
metal121.jpg,metal,83,106,512,384
metal122.jpg,metal,116,93,365,318
metal123.jpg,metal,129,1,512,333
metal124.jpg,metal,130,102,356,280
metal125.jpg,metal,73,101,468,263
metal126.jpg,metal,5,1,455,384
metal127.jpg,metal,113,1,461,335
metal128.jpg,metal,136,1,351,384
metal129.jpg,metal,110,75,329,384
metal13.jpg,metal,256,47,512,384
metal130.jpg,metal,146,75,447,384
metal131.jpg,metal,160,104,367,307
metal132.jpg,metal,14,30,512,330
metal133.jpg,metal,175,38,487,340
metal134.jpg,metal,78,72,512,384
metal135.jpg,metal,107,99,512,384
metal136.jpg,metal,170,167,443,384
metal137.jpg,metal,65,108,512,334
metal138.jpg,metal,119,66,414,352
metal139.jpg,metal,254,1,512,384
metal14.jpg,metal,145,13,512,384
metal140.jpg,metal,102,6,428,316
metal141.jpg,metal,178,1,512,384
metal142.jpg,metal,114,1,504,384
metal143.jpg,metal,59,90,485,379
metal144.jpg,metal,1,64,503,384
metal145.jpg,metal,132,51,435,317
metal146.jpg,metal,110,91,408,384
metal147.jpg,metal,106,35,464,327
metal148.jpg,metal,171,141,284,251
metal149.jpg,metal,150,111,299,282
metal15.jpg,metal,71,133,422,337
metal150.jpg,metal,63,132,455,278
metal151.jpg,metal,1,1,494,376
metal152.jpg,metal,171,146,291,251
metal153.jpg,metal,47,83,512,384
metal154.jpg,metal,117,97,341,290
metal155.jpg,metal,181,129,287,233
metal156.jpg,metal,185,69,299,271
metal157.jpg,metal,22,1,472,277
metal158.jpg,metal,178,51,454,325
metal159.jpg,metal,170,125,341,261
metal16.jpg,metal,1,45,512,384
metal160.jpg,metal,174,103,311,272
metal161.jpg,metal,158,1,482,366
metal162.jpg,metal,1,1,512,384
metal163.jpg,metal,45,5,438,297
metal164.jpg,metal,130,66,421,294
metal165.jpg,metal,144,138,314,227
metal166.jpg,metal,205,149,279,229
metal167.jpg,metal,145,85,364,308
metal168.jpg,metal,1,1,406,384
metal169.jpg,metal,91,32,418,359
metal17.jpg,metal,79,13,361,303
metal170.jpg,metal,55,17,382,344
metal171.jpg,metal,21,1,327,384
metal172.jpg,metal,21,27,415,384
metal173.jpg,metal,91,4,411,382
metal174.jpg,metal,89,1,512,319
metal175.jpg,metal,112,1,415,371
metal176.jpg,metal,1,1,512,384
metal177.jpg,metal,1,1,447,384
metal178.jpg,metal,112,140,271,235
metal179.jpg,metal,213,111,380,303
metal18.jpg,metal,114,134,364,274
metal180.jpg,metal,1,1,512,384
metal181.jpg,metal,112,55,374,312
metal182.jpg,metal,147,121,333,330
metal183.jpg,metal,96,200,235,384
metal184.jpg,metal,164,36,465,349
metal185.jpg,metal,61,79,478,345
metal186.jpg,metal,160,105,512,384
metal187.jpg,metal,1,1,317,268
metal188.jpg,metal,30,35,405,275
metal189.jpg,metal,1,46,472,356
metal19.jpg,metal,80,17,403,314
metal190.jpg,metal,30,1,383,368
metal191.jpg,metal,61,19,354,314
metal192.jpg,metal,1,1,444,384
metal193.jpg,metal,54,1,395,377
metal194.jpg,metal,1,1,341,377
metal195.jpg,metal,151,82,373,309
metal196.jpg,metal,1,1,512,384
metal197.jpg,metal,74,49,441,340
metal198.jpg,metal,71,38,335,353
metal199.jpg,metal,28,84,378,269
metal2.jpg,metal,139,70,328,296
metal20.jpg,metal,1,1,451,384
metal200.jpg,metal,64,16,359,369
metal201.jpg,metal,64,77,386,308
metal202.jpg,metal,85,106,413,359
metal203.jpg,metal,179,81,343,268
metal204.jpg,metal,173,102,387,262
metal205.jpg,metal,107,88,302,337
metal206.jpg,metal,178,90,340,284
metal207.jpg,metal,152,101,332,263
metal208.jpg,metal,176,103,318,282
metal209.jpg,metal,200,106,413,292
metal21.jpg,metal,172,76,439,384
metal210.jpg,metal,141,119,383,292
metal211.jpg,metal,175,64,354,286
metal212.jpg,metal,84,59,278,282
metal213.jpg,metal,125,106,328,293
metal214.jpg,metal,196,109,325,269
metal215.jpg,metal,147,123,320,300
metal216.jpg,metal,133,77,366,316
metal217.jpg,metal,1,1,369,267
metal218.jpg,metal,130,148,443,384
metal219.jpg,metal,110,17,361,346
metal22.jpg,metal,173,76,428,324
metal220.jpg,metal,95,55,432,384
metal221.jpg,metal,19,1,512,384
metal222.jpg,metal,110,18,512,384
metal223.jpg,metal,186,31,512,384
metal224.jpg,metal,63,72,512,363
metal225.jpg,metal,74,47,393,374
metal226.jpg,metal,73,1,453,356
metal227.jpg,metal,76,70,436,384
metal228.jpg,metal,149,98,358,297
metal229.jpg,metal,68,1,512,384
metal23.jpg,metal,119,81,485,384
metal230.jpg,metal,4,113,460,384
metal231.jpg,metal,1,1,371,291
metal232.jpg,metal,1,1,512,384
metal233.jpg,metal,85,89,512,319
metal234.jpg,metal,263,1,512,377
metal235.jpg,metal,19,92,388,384
metal236.jpg,metal,36,27,512,384
metal237.jpg,metal,17,43,510,384
metal238.jpg,metal,198,71,490,384
metal239.jpg,metal,86,21,423,368
metal24.jpg,metal,100,70,374,356
metal240.jpg,metal,161,1,423,257
metal241.jpg,metal,57,28,391,362
metal242.jpg,metal,107,62,477,233
metal243.jpg,metal,159,165,426,384
metal244.jpg,metal,121,13,464,343
metal245.jpg,metal,214,70,493,324
metal246.jpg,metal,109,14,458,353
metal247.jpg,metal,173,99,512,384
metal248.jpg,metal,206,142,512,384
metal249.jpg,metal,50,80,455,384
metal25.jpg,metal,100,50,405,377
metal250.jpg,metal,249,48,486,372
metal251.jpg,metal,1,1,512,376
metal252.jpg,metal,82,9,475,384
metal253.jpg,metal,113,1,446,353
metal254.jpg,metal,1,1,512,384
metal255.jpg,metal,178,142,501,384
metal256.jpg,metal,166,166,512,384
metal257.jpg,metal,1,37,512,384
metal258.jpg,metal,31,1,512,372
metal259.jpg,metal,1,105,512,384
metal26.jpg,metal,111,31,460,369
metal260.jpg,metal,131,85,512,384
metal261.jpg,metal,33,37,512,371
metal262.jpg,metal,1,47,512,384
metal263.jpg,metal,69,80,512,384
metal264.jpg,metal,32,49,512,384
metal265.jpg,metal,81,131,512,384
metal266.jpg,metal,92,7,413,345
metal267.jpg,metal,1,1,364,303
metal268.jpg,metal,140,97,337,308
metal269.jpg,metal,1,1,343,331
metal27.jpg,metal,137,41,437,344
metal270.jpg,metal,52,1,512,379
metal271.jpg,metal,1,24,454,384
metal272.jpg,metal,191,117,339,271
metal273.jpg,metal,159,1,462,384
metal274.jpg,metal,122,73,512,384
metal275.jpg,metal,162,172,442,384
metal276.jpg,metal,1,1,372,305
metal277.jpg,metal,95,1,433,384
metal278.jpg,metal,1,1,424,296
metal279.jpg,metal,204,112,408,320
metal28.jpg,metal,139,69,439,357
metal280.jpg,metal,121,92,399,290
metal281.jpg,metal,14,1,494,384
metal282.jpg,metal,84,30,510,384
metal283.jpg,metal,1,1,425,292
metal284.jpg,metal,162,93,334,263
metal285.jpg,metal,133,85,370,332
metal286.jpg,metal,104,36,512,321
metal287.jpg,metal,1,159,407,384
metal288.jpg,metal,121,24,496,384
metal289.jpg,metal,78,1,512,384
metal29.jpg,metal,114,74,374,335
metal290.jpg,metal,112,106,358,306
metal291.jpg,metal,149,97,377,298
metal292.jpg,metal,136,100,512,377
metal293.jpg,metal,12,68,512,296
metal294.jpg,metal,113,42,400,326
metal295.jpg,metal,94,40,390,334
metal296.jpg,metal,78,26,512,382
metal297.jpg,metal,130,182,488,384
metal298.jpg,metal,179,51,464,362
metal299.jpg,metal,145,20,512,384
metal3.jpg,metal,123,166,296,313
metal30.jpg,metal,159,1,357,376
metal300.jpg,metal,90,63,512,384
metal301.jpg,metal,65,1,415,348
metal302.jpg,metal,74,21,405,352
metal303.jpg,metal,146,66,415,305
metal304.jpg,metal,103,110,416,384
metal305.jpg,metal,1,53,437,384
metal306.jpg,metal,184,95,512,384
metal307.jpg,metal,83,1,473,317
metal308.jpg,metal,1,1,394,292
metal309.jpg,metal,84,32,390,329
metal31.jpg,metal,88,1,512,384
metal310.jpg,metal,109,41,512,354
metal311.jpg,metal,101,89,512,384
metal312.jpg,metal,11,1,512,384
metal313.jpg,metal,78,91,428,384
metal314.jpg,metal,1,1,258,307
metal315.jpg,metal,78,93,412,290
metal316.jpg,metal,144,187,512,384
metal317.jpg,metal,1,1,311,384
metal318.jpg,metal,139,76,369,307
metal319.jpg,metal,18,1,512,384
metal32.jpg,metal,122,41,371,276
metal320.jpg,metal,143,8,512,384
metal321.jpg,metal,132,1,385,277
metal322.jpg,metal,18,1,512,384
metal323.jpg,metal,38,141,442,384
metal324.jpg,metal,1,122,483,384
metal325.jpg,metal,121,1,512,341
metal326.jpg,metal,143,6,353,330
metal327.jpg,metal,23,129,433,384
metal328.jpg,metal,55,22,351,309
metal329.jpg,metal,11,1,512,384
metal33.jpg,metal,54,1,381,268
metal330.jpg,metal,152,1,512,384
metal331.jpg,metal,221,138,512,384
metal332.jpg,metal,113,1,462,230
metal333.jpg,metal,179,20,422,384
metal334.jpg,metal,231,89,469,384
metal335.jpg,metal,11,22,487,312
metal336.jpg,metal,81,42,450,384
metal337.jpg,metal,193,205,512,384
metal338.jpg,metal,99,78,328,307
metal339.jpg,metal,77,50,390,350
metal34.jpg,metal,85,90,406,384
metal340.jpg,metal,148,41,433,340
metal341.jpg,metal,101,41,379,331
metal342.jpg,metal,52,42,473,384
metal343.jpg,metal,142,60,379,294
metal344.jpg,metal,95,90,427,292
metal345.jpg,metal,104,93,417,291
metal346.jpg,metal,52,1,512,384
metal347.jpg,metal,117,44,426,353
metal348.jpg,metal,225,34,512,384
metal349.jpg,metal,53,1,512,325
metal35.jpg,metal,94,1,497,375
metal350.jpg,metal,227,46,512,384
metal351.jpg,metal,169,93,512,384
metal352.jpg,metal,57,1,450,369
metal353.jpg,metal,179,123,440,351
metal354.jpg,metal,8,3,359,358
metal355.jpg,metal,209,52,512,384
metal356.jpg,metal,115,74,412,298
metal357.jpg,metal,60,1,512,219
metal358.jpg,metal,91,1,512,335
metal359.jpg,metal,111,1,436,384
metal36.jpg,metal,1,1,410,361
metal360.jpg,metal,108,24,374,290
metal361.jpg,metal,6,1,485,384
metal362.jpg,metal,56,1,407,285
metal363.jpg,metal,102,1,512,340
metal364.jpg,metal,108,1,489,384
metal365.jpg,metal,1,1,503,295
metal366.jpg,metal,169,1,503,348
metal367.jpg,metal,83,101,497,333
metal368.jpg,metal,127,89,369,384
metal369.jpg,metal,115,72,334,281
metal37.jpg,metal,197,74,512,384
metal370.jpg,metal,146,167,512,384
metal371.jpg,metal,202,114,436,342
metal372.jpg,metal,1,106,383,384
metal373.jpg,metal,134,77,410,342
metal374.jpg,metal,1,1,512,384
metal375.jpg,metal,166,1,489,253
metal376.jpg,metal,203,51,512,384
metal377.jpg,metal,70,21,470,384
metal378.jpg,metal,165,69,371,273
metal379.jpg,metal,103,198,405,384
metal38.jpg,metal,34,49,357,304
metal380.jpg,metal,1,1,406,384
metal381.jpg,metal,44,1,323,304
metal382.jpg,metal,144,1,421,321
metal383.jpg,metal,1,34,512,384
metal384.jpg,metal,66,37,512,384
metal385.jpg,metal,167,59,422,315
metal386.jpg,metal,113,121,512,384
metal387.jpg,metal,57,1,512,384
metal388.jpg,metal,3,1,482,362
metal389.jpg,metal,102,8,477,376
metal39.jpg,metal,140,52,354,267
metal390.jpg,metal,162,1,512,384
metal391.jpg,metal,1,1,512,384
metal392.jpg,metal,1,1,512,384
metal393.jpg,metal,140,38,423,326
metal394.jpg,metal,20,36,512,384
metal395.jpg,metal,173,1,374,243
metal396.jpg,metal,56,130,512,384
metal397.jpg,metal,214,51,431,272
metal398.jpg,metal,88,95,391,384
metal399.jpg,metal,151,59,462,366
metal4.jpg,metal,247,113,391,275
metal40.jpg,metal,162,44,497,384
metal400.jpg,metal,206,99,512,384
metal401.jpg,metal,195,11,512,384
metal402.jpg,metal,1,118,492,384
metal403.jpg,metal,95,139,414,384
metal404.jpg,metal,1,38,512,384
metal405.jpg,metal,224,26,512,384
metal406.jpg,metal,42,1,512,370
metal407.jpg,metal,89,85,512,384
metal408.jpg,metal,151,68,512,306
metal409.jpg,metal,149,33,366,248
metal41.jpg,metal,127,129,403,384
metal410.jpg,metal,107,169,512,384
metal42.jpg,metal,1,91,442,384
metal43.jpg,metal,60,102,512,384
metal44.jpg,metal,81,1,512,384
metal45.jpg,metal,1,70,301,340
metal46.jpg,metal,1,1,512,384
metal47.jpg,metal,199,101,512,384
metal48.jpg,metal,186,125,315,251
metal49.jpg,metal,138,1,512,349
metal5.jpg,metal,32,10,463,384
metal50.jpg,metal,4,19,512,382
metal51.jpg,metal,174,80,402,307
metal52.jpg,metal,40,1,488,384
metal53.jpg,metal,87,1,390,272
metal54.jpg,metal,24,1,491,382
metal55.jpg,metal,1,108,512,381
metal56.jpg,metal,142,117,434,384
metal57.jpg,metal,106,93,362,312
metal58.jpg,metal,151,99,483,384
metal59.jpg,metal,213,140,512,384
metal6.jpg,metal,191,132,294,227
metal60.jpg,metal,45,80,372,355
metal61.jpg,metal,21,1,512,384
metal62.jpg,metal,72,101,424,314
metal63.jpg,metal,152,75,512,384
metal64.jpg,metal,1,22,383,368
metal65.jpg,metal,118,6,493,376
metal66.jpg,metal,146,107,410,384
metal67.jpg,metal,149,107,413,384
metal68.jpg,metal,92,99,435,384
metal69.jpg,metal,107,117,363,278
metal7.jpg,metal,148,65,326,297
metal70.jpg,metal,55,111,444,330
metal71.jpg,metal,141,1,512,384
metal72.jpg,metal,151,1,512,381
metal73.jpg,metal,213,139,512,384
metal74.jpg,metal,1,124,433,384
metal75.jpg,metal,15,76,512,384
metal76.jpg,metal,35,39,512,384
metal77.jpg,metal,1,1,469,384
metal78.jpg,metal,143,92,404,384
metal79.jpg,metal,10,111,496,384
metal8.jpg,metal,138,107,264,273
metal80.jpg,metal,62,1,469,361
metal81.jpg,metal,60,144,512,384
metal82.jpg,metal,94,68,333,303
metal83.jpg,metal,22,28,512,384
metal84.jpg,metal,115,1,512,384
metal85.jpg,metal,43,182,497,384
metal86.jpg,metal,123,53,455,384
metal87.jpg,metal,151,1,512,384
metal88.jpg,metal,1,28,506,384
metal89.jpg,metal,26,7,512,384
metal9.jpg,metal,140,110,305,280
metal90.jpg,metal,152,96,422,322
metal91.jpg,metal,193,105,319,228
metal92.jpg,metal,161,70,347,263
metal93.jpg,metal,107,81,512,384
metal94.jpg,metal,1,74,512,382
metal95.jpg,metal,120,1,423,253
metal96.jpg,metal,128,172,416,384
metal97.jpg,metal,24,1,384,341
metal98.jpg,metal,95,1,372,303
metal99.jpg,metal,119,48,474,384
paper1.jpg,paper,60,23,444,341
paper10.jpg,paper,58,1,500,384
paper100.jpg,paper,1,1,512,384
paper101.jpg,paper,1,1,512,384
paper102.jpg,paper,32,1,430,384
paper103.jpg,paper,1,1,512,384
paper104.jpg,paper,31,1,461,384
paper105.jpg,paper,1,1,512,293
paper106.jpg,paper,36,62,478,373
paper107.jpg,paper,1,1,412,384
paper108.jpg,paper,1,1,450,384
paper109.jpg,paper,1,1,454,384
paper11.jpg,paper,89,1,382,370
paper110.jpg,paper,31,1,494,289
paper111.jpg,paper,15,45,488,373
paper112.jpg,paper,1,1,418,384
paper113.jpg,paper,1,126,512,384
paper114.jpg,paper,1,1,512,384
paper115.jpg,paper,8,1,508,376
paper116.jpg,paper,59,19,434,319
paper117.jpg,paper,159,91,322,312
paper118.jpg,paper,128,1,327,327
paper119.jpg,paper,48,70,512,298
paper12.jpg,paper,5,14,501,375
paper120.jpg,paper,57,125,348,282
paper121.jpg,paper,24,1,512,384
paper122.jpg,paper,71,42,368,361
paper123.jpg,paper,1,12,455,365
paper124.jpg,paper,107,1,512,384
paper125.jpg,paper,1,1,354,384
paper126.jpg,paper,64,64,374,363
paper127.jpg,paper,1,23,512,384
paper128.jpg,paper,33,65,413,329
paper129.jpg,paper,1,1,476,384
paper13.jpg,paper,1,139,512,384
paper130.jpg,paper,33,42,425,350
paper131.jpg,paper,1,1,464,384
paper132.jpg,paper,68,1,348,348
paper133.jpg,paper,10,1,512,384
paper134.jpg,paper,1,22,506,384
paper135.jpg,paper,1,1,512,384
paper136.jpg,paper,1,1,489,384
paper137.jpg,paper,1,1,512,351
paper138.jpg,paper,36,80,460,367
paper139.jpg,paper,1,8,434,384
paper14.jpg,paper,1,1,512,384
paper140.jpg,paper,1,1,479,384
paper141.jpg,paper,65,9,410,384
paper142.jpg,paper,5,15,479,384
paper143.jpg,paper,27,72,472,340
paper144.jpg,paper,52,1,415,384
paper145.jpg,paper,7,1,484,379
paper146.jpg,paper,72,91,413,328
paper147.jpg,paper,1,1,486,384
paper148.jpg,paper,1,1,485,384
paper149.jpg,paper,1,1,485,384
paper15.jpg,paper,1,44,443,384
paper150.jpg,paper,52,94,420,303
paper151.jpg,paper,68,64,403,305
paper152.jpg,paper,1,1,473,384
paper153.jpg,paper,1,1,512,384
paper154.jpg,paper,93,25,394,326
paper155.jpg,paper,1,1,410,372
paper156.jpg,paper,1,84,459,384
paper157.jpg,paper,66,5,484,377
paper158.jpg,paper,128,36,345,336
paper159.jpg,paper,28,44,405,361
paper16.jpg,paper,1,1,472,384
paper160.jpg,paper,60,34,409,384
paper161.jpg,paper,24,1,493,384
paper162.jpg,paper,30,49,512,384
paper163.jpg,paper,1,1,501,384
paper164.jpg,paper,123,1,399,338
paper165.jpg,paper,1,1,430,384
paper166.jpg,paper,8,1,512,331
paper167.jpg,paper,41,1,476,384
paper168.jpg,paper,65,29,422,364
paper169.jpg,paper,60,1,476,384
paper17.jpg,paper,1,1,408,384
paper170.jpg,paper,80,47,401,329
paper171.jpg,paper,100,1,465,384
paper172.jpg,paper,1,1,463,293
paper173.jpg,paper,97,29,427,356
paper174.jpg,paper,1,1,512,384
paper175.jpg,paper,1,1,474,365
paper176.jpg,paper,38,62,465,342
paper177.jpg,paper,22,1,438,384
paper178.jpg,paper,1,1,435,384
paper179.jpg,paper,1,67,511,384
paper18.jpg,paper,2,49,403,376
paper180.jpg,paper,1,1,368,384
paper181.jpg,paper,102,1,512,347
paper182.jpg,paper,1,1,512,384
paper183.jpg,paper,1,19,505,347
paper184.jpg,paper,1,3,512,384
paper185.jpg,paper,13,1,512,384
paper186.jpg,paper,1,1,512,384
paper187.jpg,paper,1,43,512,384
paper188.jpg,paper,1,1,486,384
paper189.jpg,paper,1,1,512,384
paper19.jpg,paper,80,82,396,350
paper190.jpg,paper,1,1,512,384
paper191.jpg,paper,11,1,473,384
paper192.jpg,paper,1,1,469,331
paper193.jpg,paper,44,1,512,384
paper194.jpg,paper,1,1,448,384
paper195.jpg,paper,1,1,512,336
paper196.jpg,paper,1,1,463,384
paper197.jpg,paper,105,89,512,384
paper198.jpg,paper,6,1,494,384
paper199.jpg,paper,1,81,512,384
paper2.jpg,paper,1,23,453,384
paper20.jpg,paper,310,122,512,384
paper200.jpg,paper,61,127,375,233
paper201.jpg,paper,84,65,439,300
paper202.jpg,paper,81,67,427,344
paper203.jpg,paper,116,105,361,276
paper204.jpg,paper,84,18,363,349
paper205.jpg,paper,1,69,503,384
paper206.jpg,paper,1,1,409,384
paper207.jpg,paper,1,65,512,384
paper208.jpg,paper,23,1,477,384
paper209.jpg,paper,1,1,512,384
paper21.jpg,paper,59,118,512,384
paper210.jpg,paper,1,1,429,314
paper211.jpg,paper,1,92,412,384
paper212.jpg,paper,62,82,487,331
paper213.jpg,paper,92,4,349,358
paper214.jpg,paper,1,1,512,384
paper215.jpg,paper,1,1,468,384
paper216.jpg,paper,106,81,433,323
paper217.jpg,paper,1,1,464,384
paper218.jpg,paper,50,1,338,384
paper219.jpg,paper,1,59,497,384
paper22.jpg,paper,38,18,426,375
paper220.jpg,paper,104,61,430,325
paper221.jpg,paper,1,1,512,384
paper222.jpg,paper,79,69,328,384
paper223.jpg,paper,1,1,512,384
paper224.jpg,paper,30,24,489,384
paper225.jpg,paper,101,44,436,359
paper226.jpg,paper,116,103,357,322
paper227.jpg,paper,1,1,512,384
paper228.jpg,paper,158,78,271,227
paper229.jpg,paper,1,54,473,384
paper23.jpg,paper,10,1,512,352
paper230.jpg,paper,1,1,512,155
paper231.jpg,paper,1,1,435,363
paper232.jpg,paper,1,22,451,384
paper233.jpg,paper,1,90,489,384
paper234.jpg,paper,66,1,446,360
paper235.jpg,paper,72,25,424,342
paper236.jpg,paper,1,1,481,384
paper237.jpg,paper,3,1,452,384
paper238.jpg,paper,1,40,415,363
paper239.jpg,paper,58,29,386,328
paper24.jpg,paper,1,3,400,384
paper240.jpg,paper,1,52,409,384
paper241.jpg,paper,12,83,502,353
paper242.jpg,paper,75,137,341,354
paper243.jpg,paper,87,24,390,348
paper244.jpg,paper,23,27,417,369
paper245.jpg,paper,1,1,494,384
paper246.jpg,paper,1,1,375,384
paper247.jpg,paper,1,1,472,384
paper248.jpg,paper,42,1,484,345
paper249.jpg,paper,42,50,352,319
paper25.jpg,paper,1,1,475,315
paper250.jpg,paper,1,1,481,384
paper251.jpg,paper,75,34,356,358
paper252.jpg,paper,55,62,439,349
paper253.jpg,paper,55,57,445,355
paper254.jpg,paper,40,1,512,384
paper255.jpg,paper,14,1,486,384
paper256.jpg,paper,126,45,360,262
paper257.jpg,paper,22,87,428,384
paper258.jpg,paper,20,1,493,384
paper259.jpg,paper,1,29,442,384
paper26.jpg,paper,44,1,512,384
paper260.jpg,paper,1,39,464,384
paper261.jpg,paper,46,50,406,356
paper262.jpg,paper,28,1,487,382
paper263.jpg,paper,19,3,484,384
paper264.jpg,paper,133,99,391,297
paper265.jpg,paper,1,1,457,384
paper266.jpg,paper,1,1,512,384
paper267.jpg,paper,17,1,453,384
paper268.jpg,paper,16,1,418,353
paper269.jpg,paper,1,1,512,384
paper27.jpg,paper,1,56,488,364
paper270.jpg,paper,15,1,499,384
paper271.jpg,paper,51,1,452,375
paper272.jpg,paper,7,55,391,332
paper273.jpg,paper,31,1,472,384
paper274.jpg,paper,97,85,424,308
paper275.jpg,paper,47,29,414,365
paper276.jpg,paper,85,44,377,343
paper277.jpg,paper,1,1,426,383
paper278.jpg,paper,110,55,400,367
paper279.jpg,paper,88,1,383,384
paper28.jpg,paper,1,1,511,372
paper280.jpg,paper,1,1,512,379
paper281.jpg,paper,68,1,447,384
paper282.jpg,paper,18,92,442,336
paper283.jpg,paper,1,9,512,384
paper284.jpg,paper,1,1,358,384
paper285.jpg,paper,7,10,498,384
paper286.jpg,paper,1,19,512,384
paper287.jpg,paper,50,1,396,384
paper288.jpg,paper,169,7,332,356
paper289.jpg,paper,1,1,512,364
paper29.jpg,paper,73,49,415,384
paper290.jpg,paper,1,1,502,384
paper291.jpg,paper,44,3,472,384
paper292.jpg,paper,1,96,512,384
paper293.jpg,paper,1,45,463,384
paper294.jpg,paper,43,74,399,334
paper295.jpg,paper,14,85,449,338
paper296.jpg,paper,41,112,375,274
paper297.jpg,paper,1,1,483,384
paper298.jpg,paper,1,1,502,375
paper299.jpg,paper,28,22,475,346
paper3.jpg,paper,60,1,399,331
paper30.jpg,paper,23,84,388,301
paper300.jpg,paper,44,7,469,376
paper301.jpg,paper,118,1,451,384
paper302.jpg,paper,11,58,459,345
paper303.jpg,paper,14,1,512,384
paper304.jpg,paper,63,84,426,277
paper305.jpg,paper,3,1,487,384
paper306.jpg,paper,1,48,410,384
paper307.jpg,paper,1,1,462,384
paper308.jpg,paper,5,1,499,384
paper309.jpg,paper,10,1,482,384
paper31.jpg,paper,1,1,451,366
paper310.jpg,paper,132,85,404,291
paper311.jpg,paper,1,18,474,384
paper312.jpg,paper,1,1,512,384
paper313.jpg,paper,1,5,492,384
paper314.jpg,paper,1,5,512,384
paper315.jpg,paper,65,9,428,384
paper316.jpg,paper,1,9,470,384
paper317.jpg,paper,148,87,313,269
paper318.jpg,paper,35,51,465,364
paper319.jpg,paper,1,1,463,384
paper32.jpg,paper,50,3,441,370
paper320.jpg,paper,113,22,512,384
paper321.jpg,paper,28,74,512,384
paper322.jpg,paper,29,62,512,384
paper323.jpg,paper,1,1,319,384
paper324.jpg,paper,39,66,452,298
paper325.jpg,paper,57,40,392,302
paper326.jpg,paper,1,1,512,384
paper327.jpg,paper,59,29,400,346
paper328.jpg,paper,1,123,512,384
paper329.jpg,paper,85,1,396,362
paper33.jpg,paper,85,1,449,384
paper330.jpg,paper,50,1,512,358
paper331.jpg,paper,32,33,412,362
paper332.jpg,paper,1,30,465,384
paper333.jpg,paper,70,20,472,320
paper334.jpg,paper,162,106,369,289
paper335.jpg,paper,1,1,512,381
paper336.jpg,paper,1,1,512,381
paper337.jpg,paper,32,41,441,372
paper338.jpg,paper,1,1,512,384
paper339.jpg,paper,7,16,389,384
paper34.jpg,paper,1,1,512,384
paper340.jpg,paper,37,1,501,384
paper341.jpg,paper,1,83,446,384
paper342.jpg,paper,1,1,472,384
paper343.jpg,paper,22,111,512,384
paper344.jpg,paper,65,49,512,384
paper345.jpg,paper,1,1,512,384
paper346.jpg,paper,86,33,451,384
paper347.jpg,paper,1,1,479,384
paper348.jpg,paper,15,112,413,350
paper349.jpg,paper,1,1,383,384
paper35.jpg,paper,8,1,512,380
paper350.jpg,paper,53,18,439,351
paper351.jpg,paper,1,1,512,384
paper352.jpg,paper,152,23,408,369
paper353.jpg,paper,1,1,463,384
paper354.jpg,paper,60,65,422,296
paper355.jpg,paper,5,153,512,384
paper356.jpg,paper,21,1,493,370
paper357.jpg,paper,26,3,442,344
paper358.jpg,paper,1,1,512,384
paper359.jpg,paper,72,32,390,356
paper36.jpg,paper,68,28,500,347
paper360.jpg,paper,1,1,512,384
paper361.jpg,paper,12,1,456,344
paper362.jpg,paper,143,1,512,384
paper363.jpg,paper,145,13,330,304
paper364.jpg,paper,59,3,454,384
paper365.jpg,paper,1,3,419,384
paper366.jpg,paper,1,17,505,355
paper367.jpg,paper,19,1,428,384
paper368.jpg,paper,116,76,383,309
paper369.jpg,paper,1,1,512,370
paper37.jpg,paper,1,65,478,384
paper370.jpg,paper,57,98,406,284
paper371.jpg,paper,1,56,468,384
paper372.jpg,paper,1,1,503,384
paper373.jpg,paper,65,48,318,347
paper374.jpg,paper,97,108,339,303
paper375.jpg,paper,12,1,476,384
paper376.jpg,paper,1,63,435,343
paper377.jpg,paper,56,54,410,287
paper378.jpg,paper,1,1,478,384
paper379.jpg,paper,6,1,512,384
paper38.jpg,paper,43,41,509,384
paper380.jpg,paper,1,1,494,384
paper381.jpg,paper,1,1,512,384
paper382.jpg,paper,1,162,492,280
paper383.jpg,paper,31,1,470,384
paper384.jpg,paper,1,44,471,330
paper385.jpg,paper,162,88,372,312
paper386.jpg,paper,106,1,512,384
paper387.jpg,paper,139,91,310,266
paper388.jpg,paper,53,51,471,384
paper388.jpg,paper,136,1,355,145
paper389.jpg,paper,32,79,482,328
paper39.jpg,paper,32,92,423,384
paper390.jpg,paper,15,1,512,384
paper391.jpg,paper,9,1,512,384
paper392.jpg,paper,1,1,472,384
paper393.jpg,paper,11,1,493,374
paper394.jpg,paper,45,66,395,304
paper395.jpg,paper,1,29,459,384
paper396.jpg,paper,1,1,470,384
paper397.jpg,paper,31,27,498,384
paper398.jpg,paper,45,1,378,363
paper399.jpg,paper,56,1,512,382
paper4.jpg,paper,61,6,465,369
paper40.jpg,paper,1,26,452,384
paper400.jpg,paper,30,49,487,376
paper401.jpg,paper,1,1,507,384
paper402.jpg,paper,1,1,502,374
paper403.jpg,paper,46,34,451,376
paper404.jpg,paper,1,18,446,384
paper405.jpg,paper,14,1,492,384
paper406.jpg,paper,103,209,463,384
paper407.jpg,paper,1,1,484,384
paper408.jpg,paper,1,1,461,384
paper409.jpg,paper,1,1,512,226
paper41.jpg,paper,1,1,512,384
paper410.jpg,paper,1,1,398,384
paper411.jpg,paper,1,1,511,384
paper412.jpg,paper,1,50,512,377
paper413.jpg,paper,1,1,512,384
paper414.jpg,paper,18,35,509,384
paper415.jpg,paper,10,1,466,384
paper416.jpg,paper,18,1,477,384
paper417.jpg,paper,98,57,349,343
paper418.jpg,paper,1,1,431,351
paper419.jpg,paper,98,65,375,296
paper42.jpg,paper,1,1,486,384
paper420.jpg,paper,1,1,512,348
paper421.jpg,paper,73,94,367,301
paper422.jpg,paper,24,1,400,384
paper423.jpg,paper,1,1,398,363
paper424.jpg,paper,56,1,452,350
paper425.jpg,paper,1,59,467,384
paper426.jpg,paper,61,115,472,308
paper427.jpg,paper,52,17,454,371
paper428.jpg,paper,187,79,368,274
paper429.jpg,paper,2,1,466,384
paper43.jpg,paper,1,97,512,384
paper430.jpg,paper,1,1,512,384
paper431.jpg,paper,68,18,389,376
paper432.jpg,paper,1,14,512,372
paper433.jpg,paper,1,1,457,379
paper434.jpg,paper,1,1,492,335
paper435.jpg,paper,40,1,489,384
paper436.jpg,paper,1,1,512,384
paper437.jpg,paper,12,26,479,341
paper438.jpg,paper,63,22,412,363
paper439.jpg,paper,13,1,512,384
paper44.jpg,paper,34,1,441,384
paper440.jpg,paper,1,1,512,376
paper441.jpg,paper,26,56,455,384
paper442.jpg,paper,1,99,409,384
paper443.jpg,paper,1,1,512,384
paper444.jpg,paper,22,1,450,369
paper445.jpg,paper,21,1,434,384
paper446.jpg,paper,75,53,393,384
paper447.jpg,paper,32,1,449,384
paper448.jpg,paper,1,73,504,384
paper449.jpg,paper,22,112,431,360
paper45.jpg,paper,27,53,433,325
paper450.jpg,paper,1,43,499,370
paper451.jpg,paper,1,1,512,384
paper452.jpg,paper,62,1,465,384
paper453.jpg,paper,1,6,475,332
paper454.jpg,paper,1,21,508,384
paper455.jpg,paper,1,1,512,384
paper456.jpg,paper,80,49,407,320
paper457.jpg,paper,1,1,512,378
paper458.jpg,paper,1,1,489,384
paper459.jpg,paper,1,71,512,384
paper46.jpg,paper,29,1,469,384
paper460.jpg,paper,1,1,501,384
paper461.jpg,paper,1,1,317,383
paper462.jpg,paper,1,2,512,384
paper463.jpg,paper,1,2,512,384
paper464.jpg,paper,1,2,512,384
paper465.jpg,paper,124,26,360,384
paper466.jpg,paper,1,65,512,384
paper467.jpg,paper,28,96,428,384
paper468.jpg,paper,118,77,405,304
paper469.jpg,paper,88,16,438,355
paper47.jpg,paper,10,1,512,384
paper470.jpg,paper,1,1,431,361
paper471.jpg,paper,1,25,454,377
paper472.jpg,paper,1,1,512,384
paper473.jpg,paper,20,1,435,370
paper474.jpg,paper,14,51,429,384
paper475.jpg,paper,94,45,394,274
paper476.jpg,paper,66,1,481,384
paper477.jpg,paper,63,34,452,349
paper478.jpg,paper,1,1,446,384
paper479.jpg,paper,91,46,355,314
paper48.jpg,paper,52,1,411,368
paper480.jpg,paper,34,1,501,384
paper481.jpg,paper,1,1,493,329
paper482.jpg,paper,6,74,512,384
paper483.jpg,paper,102,1,342,353
paper484.jpg,paper,15,1,392,384
paper485.jpg,paper,45,1,451,384
paper486.jpg,paper,58,113,429,306
paper487.jpg,paper,1,12,429,384
paper488.jpg,paper,1,1,512,384
paper489.jpg,paper,40,1,512,380
paper49.jpg,paper,1,1,502,384
paper490.jpg,paper,1,1,507,384
paper491.jpg,paper,62,7,418,384
paper492.jpg,paper,1,1,512,337
paper493.jpg,paper,15,1,511,255
paper494.jpg,paper,1,20,480,384
paper495.jpg,paper,31,1,498,384
paper496.jpg,paper,1,1,512,384
paper497.jpg,paper,21,66,512,323
paper498.jpg,paper,87,71,371,329
paper499.jpg,paper,95,105,303,291
paper5.jpg,paper,8,1,445,380
paper50.jpg,paper,41,19,474,367
paper500.jpg,paper,8,1,463,384
paper501.jpg,paper,81,17,408,384
paper502.jpg,paper,52,1,459,384
paper503.jpg,paper,94,79,402,332
paper504.jpg,paper,1,1,512,231
paper504.jpg,paper,1,220,512,384
paper505.jpg,paper,150,46,357,369
paper506.jpg,paper,10,9,435,372
paper507.jpg,paper,29,4,506,333
paper508.jpg,paper,1,1,348,384
paper509.jpg,paper,61,1,497,384
paper51.jpg,paper,1,158,512,384
paper510.jpg,paper,42,1,288,384
paper510.jpg,paper,18,1,512,305
paper511.jpg,paper,41,68,491,330
paper512.jpg,paper,16,1,418,378
paper513.jpg,paper,1,1,501,384
paper514.jpg,paper,1,1,482,359
paper515.jpg,paper,75,1,492,372
paper516.jpg,paper,30,1,401,383
paper517.jpg,paper,75,65,365,313
paper518.jpg,paper,6,2,459,359
paper519.jpg,paper,46,1,475,384
paper52.jpg,paper,101,60,377,276
paper520.jpg,paper,64,10,350,351
paper521.jpg,paper,62,57,420,258
paper522.jpg,paper,42,1,458,379
paper523.jpg,paper,103,84,349,328
paper524.jpg,paper,7,15,389,384
paper525.jpg,paper,1,25,413,382
paper526.jpg,paper,1,1,476,384
paper527.jpg,paper,1,1,425,384
paper528.jpg,paper,1,1,485,384
paper529.jpg,paper,13,1,512,383
paper53.jpg,paper,1,1,508,384
paper530.jpg,paper,82,63,420,299
paper531.jpg,paper,1,1,406,384
paper532.jpg,paper,34,46,474,335
paper533.jpg,paper,1,1,462,384
paper534.jpg,paper,48,1,458,384
paper535.jpg,paper,1,1,399,384
paper536.jpg,paper,67,77,363,324
paper537.jpg,paper,1,1,508,384
paper538.jpg,paper,123,18,361,355
paper539.jpg,paper,8,1,439,384
paper54.jpg,paper,79,97,451,334
paper540.jpg,paper,1,1,491,384
paper541.jpg,paper,1,1,512,324
paper542.jpg,paper,1,1,481,384
paper543.jpg,paper,41,97,460,355
paper544.jpg,paper,1,1,445,384
paper545.jpg,paper,79,57,321,306
paper546.jpg,paper,15,1,486,384
paper547.jpg,paper,1,16,448,353
paper548.jpg,paper,90,85,386,273
paper549.jpg,paper,35,72,469,340
paper55.jpg,paper,47,47,482,375
paper550.jpg,paper,150,61,332,366
paper551.jpg,paper,1,1,393,362
paper552.jpg,paper,150,83,405,304
paper553.jpg,paper,1,1,512,380
paper554.jpg,paper,77,60,418,327
paper555.jpg,paper,25,1,412,384
paper556.jpg,paper,3,32,512,384
paper557.jpg,paper,26,32,455,375
paper558.jpg,paper,1,1,512,384
paper559.jpg,paper,1,1,512,384
paper56.jpg,paper,1,1,492,384
paper560.jpg,paper,45,65,455,301
paper561.jpg,paper,17,38,483,325
paper562.jpg,paper,29,1,503,384
paper563.jpg,paper,1,1,222,349
paper563.jpg,paper,186,107,512,374
paper564.jpg,paper,103,60,418,333
paper565.jpg,paper,1,1,479,384
paper566.jpg,paper,1,1,499,384
paper567.jpg,paper,126,97,328,284
paper568.jpg,paper,1,1,512,384
paper569.jpg,paper,1,1,454,384
paper57.jpg,paper,1,132,512,384
paper570.jpg,paper,1,1,439,384
paper571.jpg,paper,92,94,302,304
paper572.jpg,paper,67,1,446,337
paper573.jpg,paper,67,69,455,372
paper574.jpg,paper,1,116,493,286
paper575.jpg,paper,1,1,492,384
paper576.jpg,paper,123,36,380,321
paper577.jpg,paper,77,67,431,384
paper578.jpg,paper,1,1,495,384
paper579.jpg,paper,56,6,401,384
paper58.jpg,paper,36,55,381,341
paper580.jpg,paper,50,1,512,370
paper581.jpg,paper,1,1,512,380
paper582.jpg,paper,1,26,498,340
paper583.jpg,paper,98,23,338,367
paper584.jpg,paper,126,43,383,352
paper585.jpg,paper,30,1,440,375
paper586.jpg,paper,6,1,448,371
paper587.jpg,paper,61,65,437,288
paper588.jpg,paper,130,116,401,334
paper589.jpg,paper,122,126,393,311
paper59.jpg,paper,67,1,456,384
paper590.jpg,paper,72,27,444,339
paper591.jpg,paper,100,38,409,377
paper592.jpg,paper,15,64,437,372
paper593.jpg,paper,111,54,361,326
paper594.jpg,paper,86,103,318,281
paper6.jpg,paper,102,1,512,384
paper60.jpg,paper,32,1,486,384
paper61.jpg,paper,80,1,512,384
paper62.jpg,paper,160,1,301,384
paper63.jpg,paper,3,1,494,367
paper64.jpg,paper,15,2,480,384
paper65.jpg,paper,21,23,455,375
paper66.jpg,paper,1,63,512,384
paper67.jpg,paper,8,1,478,316
paper68.jpg,paper,1,1,471,384
paper69.jpg,paper,74,23,504,384
paper7.jpg,paper,79,47,512,384
paper70.jpg,paper,66,1,386,372
paper71.jpg,paper,125,117,322,288
paper72.jpg,paper,21,1,453,384
paper73.jpg,paper,1,1,509,384
paper74.jpg,paper,1,1,471,373
paper75.jpg,paper,83,82,358,321
paper76.jpg,paper,14,1,437,384
paper77.jpg,paper,1,74,497,357
paper78.jpg,paper,38,1,397,384
paper79.jpg,paper,1,14,450,349
paper8.jpg,paper,1,1,328,384
paper80.jpg,paper,31,1,483,384
paper81.jpg,paper,1,1,512,384
paper82.jpg,paper,1,1,512,384
paper83.jpg,paper,1,1,512,384
paper84.jpg,paper,1,64,446,384
paper85.jpg,paper,1,64,512,384
paper86.jpg,paper,1,1,453,384
paper87.jpg,paper,8,74,467,384
paper88.jpg,paper,1,1,435,369
paper89.jpg,paper,10,39,418,384
paper9.jpg,paper,1,1,512,384
paper90.jpg,paper,1,1,512,384
paper91.jpg,paper,22,48,466,347
paper92.jpg,paper,6,1,432,356
paper93.jpg,paper,28,1,462,384
paper94.jpg,paper,2,29,419,384
paper95.jpg,paper,1,132,512,384
paper96.jpg,paper,64,47,446,331
paper97.jpg,paper,14,1,400,384
paper98.jpg,paper,114,100,382,312
paper99.jpg,paper,1,1,475,384
plastic1.jpg,plastic,93,100,445,302
plastic10.jpg,plastic,165,121,317,263
plastic100.jpg,plastic,182,51,403,384
plastic101.jpg,plastic,20,1,434,332
plastic102.jpg,plastic,154,79,353,277
plastic103.jpg,plastic,79,1,512,384
plastic104.jpg,plastic,170,54,418,384
plastic105.jpg,plastic,179,30,433,384
plastic106.jpg,plastic,1,89,508,308
plastic107.jpg,plastic,114,41,407,323
plastic108.jpg,plastic,67,1,449,281
plastic109.jpg,plastic,1,121,456,333
plastic11.jpg,plastic,156,138,338,246
plastic110.jpg,plastic,1,68,434,322
plastic111.jpg,plastic,1,1,421,383
plastic112.jpg,plastic,1,70,440,364
plastic113.jpg,plastic,1,1,512,357
plastic114.jpg,plastic,1,1,289,384
plastic115.jpg,plastic,1,1,512,384
plastic116.jpg,plastic,45,21,512,361
plastic117.jpg,plastic,1,49,445,384
plastic118.jpg,plastic,8,1,512,373
plastic119.jpg,plastic,1,1,512,384
plastic12.jpg,plastic,161,56,324,298
plastic120.jpg,plastic,2,6,439,370
plastic121.jpg,plastic,18,42,373,384
plastic122.jpg,plastic,195,1,363,326
plastic123.jpg,plastic,1,8,430,384
plastic124.jpg,plastic,1,8,493,354
plastic125.jpg,plastic,1,1,512,374
plastic126.jpg,plastic,193,1,438,337
plastic127.jpg,plastic,220,70,485,281
plastic128.jpg,plastic,36,189,510,381
plastic129.jpg,plastic,60,175,369,343
plastic13.jpg,plastic,130,75,438,287
plastic130.jpg,plastic,84,99,395,329
plastic131.jpg,plastic,99,104,326,308
plastic132.jpg,plastic,1,10,367,384
plastic133.jpg,plastic,1,1,512,349
plastic134.jpg,plastic,51,97,506,305
plastic135.jpg,plastic,143,83,344,274
plastic136.jpg,plastic,114,92,319,319
plastic137.jpg,plastic,7,1,512,384
plastic138.jpg,plastic,101,94,354,255
plastic139.jpg,plastic,1,116,478,384
plastic14.jpg,plastic,42,1,456,318
plastic140.jpg,plastic,51,1,448,384
plastic141.jpg,plastic,76,1,481,373
plastic142.jpg,plastic,84,1,349,376
plastic143.jpg,plastic,14,1,483,382
plastic144.jpg,plastic,1,3,494,384
plastic145.jpg,plastic,32,133,499,311
plastic146.jpg,plastic,1,1,512,184
plastic147.jpg,plastic,58,25,420,354
plastic148.jpg,plastic,32,88,413,384
plastic149.jpg,plastic,1,1,512,384
plastic15.jpg,plastic,45,54,471,340
plastic150.jpg,plastic,136,137,385,256
plastic151.jpg,plastic,33,95,493,300
plastic152.jpg,plastic,1,1,512,304
plastic153.jpg,plastic,177,102,298,278
plastic154.jpg,plastic,182,136,292,231
plastic155.jpg,plastic,1,1,449,384
plastic156.jpg,plastic,1,1,512,384
plastic157.jpg,plastic,150,63,502,384
plastic158.jpg,plastic,4,1,464,300
plastic159.jpg,plastic,1,18,512,384
plastic16.jpg,plastic,1,1,403,362
plastic160.jpg,plastic,1,1,465,384
plastic161.jpg,plastic,1,1,484,343
plastic162.jpg,plastic,1,1,512,214
plastic163.jpg,plastic,16,43,400,332
plastic164.jpg,plastic,1,82,491,384
plastic165.jpg,plastic,6,110,503,351
plastic166.jpg,plastic,1,1,415,311
plastic167.jpg,plastic,140,8,337,350
plastic168.jpg,plastic,26,1,449,380
plastic169.jpg,plastic,1,112,498,299
plastic17.jpg,plastic,106,79,380,348
plastic170.jpg,plastic,105,107,309,296
plastic171.jpg,plastic,68,27,435,359
plastic172.jpg,plastic,38,72,373,300
plastic173.jpg,plastic,87,51,395,340
plastic174.jpg,plastic,102,65,399,270
plastic175.jpg,plastic,13,1,512,353
plastic176.jpg,plastic,139,132,275,304
plastic177.jpg,plastic,100,151,260,243
plastic178.jpg,plastic,114,137,262,242
plastic179.jpg,plastic,141,124,277,286
plastic18.jpg,plastic,1,1,491,344
plastic180.jpg,plastic,155,90,289,258
plastic181.jpg,plastic,146,115,297,262
plastic182.jpg,plastic,167,154,308,296
plastic183.jpg,plastic,84,112,304,315
plastic184.jpg,plastic,134,56,393,330
plastic185.jpg,plastic,159,15,288,316
plastic186.jpg,plastic,1,1,509,384
plastic187.jpg,plastic,3,84,318,288
plastic188.jpg,plastic,47,80,365,310
plastic189.jpg,plastic,33,84,489,313
plastic19.jpg,plastic,143,74,342,266
plastic190.jpg,plastic,1,26,512,384
plastic191.jpg,plastic,171,117,512,363
plastic192.jpg,plastic,67,1,488,379
plastic193.jpg,plastic,38,35,478,312
plastic194.jpg,plastic,12,1,512,358
plastic195.jpg,plastic,164,83,512,384
plastic196.jpg,plastic,1,1,369,342
plastic197.jpg,plastic,8,42,488,301
plastic198.jpg,plastic,1,1,490,384
plastic199.jpg,plastic,126,7,405,380
plastic2.jpg,plastic,35,101,485,282
plastic20.jpg,plastic,70,18,392,358
plastic200.jpg,plastic,192,84,392,384
plastic201.jpg,plastic,77,1,482,375
plastic202.jpg,plastic,54,84,470,283
plastic203.jpg,plastic,48,1,426,384
plastic204.jpg,plastic,1,1,512,376
plastic205.jpg,plastic,1,25,392,367
plastic206.jpg,plastic,41,101,471,384
plastic207.jpg,plastic,1,1,471,363
plastic208.jpg,plastic,82,100,512,351
plastic209.jpg,plastic,116,32,432,384
plastic21.jpg,plastic,68,80,512,310
plastic210.jpg,plastic,1,1,425,384
plastic211.jpg,plastic,18,1,470,323
plastic212.jpg,plastic,69,1,494,381
plastic213.jpg,plastic,99,6,372,338
plastic214.jpg,plastic,5,47,512,384
plastic215.jpg,plastic,122,125,483,384
plastic216.jpg,plastic,23,7,512,384
plastic217.jpg,plastic,244,142,512,357
plastic218.jpg,plastic,17,1,512,347
plastic219.jpg,plastic,86,32,438,384
plastic22.jpg,plastic,155,41,420,291
plastic220.jpg,plastic,98,74,508,336
plastic221.jpg,plastic,175,40,511,384
plastic222.jpg,plastic,202,181,472,384
plastic223.jpg,plastic,82,1,512,384
plastic224.jpg,plastic,20,1,487,320
plastic225.jpg,plastic,1,65,512,384
plastic226.jpg,plastic,2,41,459,359
plastic227.jpg,plastic,51,5,499,318
plastic228.jpg,plastic,103,1,440,332
plastic229.jpg,plastic,155,51,369,267
plastic23.jpg,plastic,164,96,357,278
plastic230.jpg,plastic,28,96,407,296
plastic231.jpg,plastic,1,1,499,319
plastic232.jpg,plastic,116,90,512,374
plastic233.jpg,plastic,122,133,397,384
plastic234.jpg,plastic,71,98,439,305
plastic235.jpg,plastic,35,1,512,367
plastic236.jpg,plastic,100,55,435,278
plastic237.jpg,plastic,51,85,473,338
plastic238.jpg,plastic,1,16,512,384
plastic239.jpg,plastic,52,1,396,272
plastic24.jpg,plastic,196,1,512,196
plastic240.jpg,plastic,20,24,450,303
plastic241.jpg,plastic,1,79,492,317
plastic242.jpg,plastic,42,96,468,384
plastic243.jpg,plastic,1,24,512,384
plastic244.jpg,plastic,1,66,491,384
plastic245.jpg,plastic,83,20,424,344
plastic246.jpg,plastic,1,1,512,337
plastic247.jpg,plastic,84,100,501,384
plastic248.jpg,plastic,16,5,417,375
plastic249.jpg,plastic,95,34,378,295
plastic25.jpg,plastic,1,1,512,384
plastic250.jpg,plastic,1,1,425,324
plastic251.jpg,plastic,1,52,492,236
plastic252.jpg,plastic,75,109,472,384
plastic253.jpg,plastic,43,1,409,317
plastic254.jpg,plastic,4,96,512,384
plastic255.jpg,plastic,134,30,453,384
plastic256.jpg,plastic,179,102,375,289
plastic257.jpg,plastic,1,95,512,291
plastic258.jpg,plastic,126,9,512,384
plastic259.jpg,plastic,151,40,419,304
plastic26.jpg,plastic,180,94,366,263
plastic260.jpg,plastic,202,45,512,313
plastic261.jpg,plastic,59,1,407,326
plastic262.jpg,plastic,149,87,470,384
plastic263.jpg,plastic,100,1,492,384
plastic264.jpg,plastic,87,117,512,384
plastic265.jpg,plastic,142,1,345,261
plastic266.jpg,plastic,69,80,377,257
plastic267.jpg,plastic,26,1,512,304
plastic268.jpg,plastic,1,81,512,384
plastic269.jpg,plastic,103,102,438,324
plastic27.jpg,plastic,35,18,457,310
plastic270.jpg,plastic,131,40,402,301
plastic271.jpg,plastic,80,87,503,384
plastic272.jpg,plastic,7,92,512,335
plastic273.jpg,plastic,57,1,483,371
plastic274.jpg,plastic,163,41,361,384
plastic275.jpg,plastic,112,74,419,315
plastic276.jpg,plastic,155,63,353,384
plastic277.jpg,plastic,149,1,399,297
plastic278.jpg,plastic,163,88,400,384
plastic279.jpg,plastic,1,1,512,352
plastic28.jpg,plastic,121,1,512,384
plastic280.jpg,plastic,25,69,512,332
plastic281.jpg,plastic,1,104,512,384
plastic282.jpg,plastic,1,1,494,384
plastic283.jpg,plastic,46,1,440,338
plastic284.jpg,plastic,13,3,512,384
plastic285.jpg,plastic,78,32,512,384
plastic286.jpg,plastic,69,32,430,384
plastic287.jpg,plastic,52,91,462,258
plastic288.jpg,plastic,163,22,430,384
plastic289.jpg,plastic,129,1,363,384
plastic29.jpg,plastic,173,13,512,384
plastic290.jpg,plastic,204,137,492,384
plastic291.jpg,plastic,1,61,475,322
plastic292.jpg,plastic,65,45,483,293
plastic293.jpg,plastic,138,1,457,362
plastic294.jpg,plastic,191,95,384,281
plastic295.jpg,plastic,142,69,358,384
plastic296.jpg,plastic,7,113,512,310
plastic297.jpg,plastic,1,28,380,384
plastic298.jpg,plastic,23,57,456,230
plastic299.jpg,plastic,92,59,395,384
plastic3.jpg,plastic,96,64,399,314
plastic30.jpg,plastic,16,1,451,300
plastic300.jpg,plastic,24,88,472,288
plastic301.jpg,plastic,136,107,497,384
plastic302.jpg,plastic,42,112,512,352
plastic303.jpg,plastic,219,172,400,384
plastic304.jpg,plastic,1,27,164,384
plastic305.jpg,plastic,40,1,491,320
plastic306.jpg,plastic,109,1,416,333
plastic307.jpg,plastic,120,10,402,296
plastic308.jpg,plastic,124,43,405,384
plastic309.jpg,plastic,233,113,512,384
plastic31.jpg,plastic,157,36,412,274
plastic310.jpg,plastic,1,1,512,353
plastic311.jpg,plastic,22,124,399,384
plastic312.jpg,plastic,96,1,512,384
plastic313.jpg,plastic,93,58,432,297
plastic314.jpg,plastic,40,1,404,376
plastic315.jpg,plastic,102,66,404,289
plastic316.jpg,plastic,83,116,462,384
plastic317.jpg,plastic,124,23,430,327
plastic318.jpg,plastic,40,1,409,342
plastic319.jpg,plastic,32,27,464,328
plastic32.jpg,plastic,93,1,432,376
plastic320.jpg,plastic,1,1,512,384
plastic321.jpg,plastic,59,94,476,384
plastic322.jpg,plastic,52,1,465,339
plastic323.jpg,plastic,135,44,427,321
plastic324.jpg,plastic,149,31,482,384
plastic325.jpg,plastic,115,56,356,384
plastic326.jpg,plastic,39,44,454,316
plastic327.jpg,plastic,178,147,415,384
plastic328.jpg,plastic,71,10,465,380
plastic329.jpg,plastic,81,1,465,351
plastic33.jpg,plastic,82,56,383,361
plastic330.jpg,plastic,38,1,449,384
plastic331.jpg,plastic,116,110,472,265
plastic332.jpg,plastic,120,29,467,384
plastic333.jpg,plastic,83,1,449,358
plastic334.jpg,plastic,23,43,472,240
plastic335.jpg,plastic,127,51,491,384
plastic336.jpg,plastic,139,64,354,257
plastic337.jpg,plastic,47,1,473,301
plastic338.jpg,plastic,84,76,223,281
plastic339.jpg,plastic,74,28,494,384
plastic34.jpg,plastic,223,1,375,260
plastic340.jpg,plastic,26,64,496,367
plastic341.jpg,plastic,143,1,512,295
plastic342.jpg,plastic,163,47,469,384
plastic343.jpg,plastic,5,131,510,384
plastic344.jpg,plastic,1,18,512,384
plastic345.jpg,plastic,110,64,469,384
plastic346.jpg,plastic,27,112,458,286
plastic347.jpg,plastic,108,1,512,384
plastic348.jpg,plastic,126,57,364,291
plastic349.jpg,plastic,193,1,512,384
plastic35.jpg,plastic,186,92,413,312
plastic350.jpg,plastic,200,33,421,384
plastic351.jpg,plastic,43,100,483,329
plastic352.jpg,plastic,1,1,397,384
plastic353.jpg,plastic,120,101,422,224
plastic354.jpg,plastic,88,15,512,384
plastic355.jpg,plastic,78,66,512,384
plastic356.jpg,plastic,137,1,384,350
plastic357.jpg,plastic,128,119,464,384
plastic358.jpg,plastic,27,154,483,310
plastic359.jpg,plastic,67,117,420,279
plastic36.jpg,plastic,15,33,482,370
plastic360.jpg,plastic,98,88,410,265
plastic361.jpg,plastic,138,110,363,303
plastic362.jpg,plastic,180,1,511,239
plastic363.jpg,plastic,105,117,326,298
plastic364.jpg,plastic,1,1,512,384
plastic365.jpg,plastic,105,38,483,384
plastic366.jpg,plastic,43,20,482,384
plastic367.jpg,plastic,166,1,451,346
plastic368.jpg,plastic,1,1,512,384
plastic369.jpg,plastic,89,1,512,384
plastic37.jpg,plastic,1,32,512,358
plastic370.jpg,plastic,56,108,459,280
plastic371.jpg,plastic,110,1,463,384
plastic372.jpg,plastic,200,1,512,273
plastic373.jpg,plastic,123,29,464,303
plastic374.jpg,plastic,67,99,453,242
plastic375.jpg,plastic,64,137,439,363
plastic376.jpg,plastic,35,67,478,384
plastic377.jpg,plastic,108,18,393,302
plastic378.jpg,plastic,246,13,410,381
plastic379.jpg,plastic,74,80,458,249
plastic38.jpg,plastic,123,67,512,384
plastic380.jpg,plastic,72,89,402,314
plastic381.jpg,plastic,57,92,458,256
plastic382.jpg,plastic,7,48,493,258
plastic383.jpg,plastic,99,120,459,275
plastic384.jpg,plastic,128,1,437,367
plastic385.jpg,plastic,144,51,381,304
plastic386.jpg,plastic,116,89,417,248
plastic387.jpg,plastic,1,1,496,384
plastic388.jpg,plastic,1,13,500,384
plastic389.jpg,plastic,219,96,512,384
plastic39.jpg,plastic,1,63,512,384
plastic390.jpg,plastic,1,1,433,384
plastic391.jpg,plastic,169,18,512,384
plastic392.jpg,plastic,63,39,387,314
plastic393.jpg,plastic,27,137,436,291
plastic394.jpg,plastic,152,1,344,289
plastic395.jpg,plastic,42,45,501,251
plastic396.jpg,plastic,1,31,504,384
plastic397.jpg,plastic,94,94,402,283
plastic398.jpg,plastic,90,56,380,339
plastic399.jpg,plastic,150,69,368,288
plastic4.jpg,plastic,77,43,390,320
plastic40.jpg,plastic,1,1,435,328
plastic400.jpg,plastic,51,91,472,384
plastic401.jpg,plastic,88,129,411,265
plastic402.jpg,plastic,1,114,438,384
plastic403.jpg,plastic,70,9,397,384
plastic404.jpg,plastic,70,27,340,384
plastic405.jpg,plastic,1,1,512,384
plastic406.jpg,plastic,129,120,365,384
plastic407.jpg,plastic,116,1,462,384
plastic408.jpg,plastic,1,1,512,384
plastic409.jpg,plastic,89,95,471,298
plastic41.jpg,plastic,102,39,384,327
plastic410.jpg,plastic,170,17,512,384
plastic411.jpg,plastic,181,102,512,364
plastic412.jpg,plastic,78,86,387,274
plastic413.jpg,plastic,166,1,430,288
plastic414.jpg,plastic,46,94,368,384
plastic415.jpg,plastic,174,130,442,384
plastic416.jpg,plastic,1,93,460,384
plastic417.jpg,plastic,44,1,485,330
plastic418.jpg,plastic,48,72,434,384
plastic419.jpg,plastic,181,1,406,342
plastic42.jpg,plastic,103,5,512,361
plastic420.jpg,plastic,283,74,512,384
plastic421.jpg,plastic,70,107,432,288
plastic422.jpg,plastic,15,107,512,384
plastic423.jpg,plastic,52,1,427,329
plastic424.jpg,plastic,19,1,512,384
plastic425.jpg,plastic,99,45,460,338
plastic426.jpg,plastic,143,83,407,338
plastic427.jpg,plastic,143,96,353,315
plastic428.jpg,plastic,61,72,419,319
plastic429.jpg,plastic,8,1,512,338
plastic43.jpg,plastic,227,103,407,292
plastic430.jpg,plastic,147,32,512,384
plastic431.jpg,plastic,137,117,449,293
plastic432.jpg,plastic,142,109,481,384
plastic433.jpg,plastic,104,86,431,303
plastic434.jpg,plastic,47,1,369,286
plastic435.jpg,plastic,113,1,422,357
plastic436.jpg,plastic,1,13,512,377
plastic437.jpg,plastic,2,75,512,384
plastic438.jpg,plastic,130,45,512,378
plastic439.jpg,plastic,201,76,397,384
plastic44.jpg,plastic,135,9,442,363
plastic440.jpg,plastic,126,59,498,384
plastic441.jpg,plastic,77,50,365,320
plastic442.jpg,plastic,1,1,508,243
plastic443.jpg,plastic,96,1,473,350
plastic444.jpg,plastic,173,50,512,384
plastic445.jpg,plastic,141,130,440,384
plastic446.jpg,plastic,89,1,404,312
plastic447.jpg,plastic,93,83,445,239
plastic448.jpg,plastic,108,119,414,303
plastic449.jpg,plastic,131,84,400,348
plastic45.jpg,plastic,140,126,452,384
plastic450.jpg,plastic,30,113,441,301
plastic451.jpg,plastic,116,94,408,307
plastic452.jpg,plastic,198,148,389,281
plastic453.jpg,plastic,90,105,350,335
plastic454.jpg,plastic,83,76,342,277
plastic455.jpg,plastic,69,12,478,379
plastic456.jpg,plastic,24,67,411,384
plastic457.jpg,plastic,193,1,503,374
plastic458.jpg,plastic,114,124,363,264
plastic459.jpg,plastic,94,47,357,373
plastic46.jpg,plastic,101,114,512,384
plastic460.jpg,plastic,42,78,298,384
plastic461.jpg,plastic,61,79,330,371
plastic462.jpg,plastic,78,154,405,342
plastic463.jpg,plastic,168,130,389,384
plastic464.jpg,plastic,87,11,462,384
plastic465.jpg,plastic,138,1,419,310
plastic466.jpg,plastic,128,131,345,345
plastic467.jpg,plastic,163,1,374,222
plastic468.jpg,plastic,24,93,482,280
plastic469.jpg,plastic,1,71,311,362
plastic47.jpg,plastic,98,120,386,237
plastic470.jpg,plastic,57,33,378,327
plastic471.jpg,plastic,71,5,380,361
plastic472.jpg,plastic,8,69,478,378
plastic473.jpg,plastic,227,28,418,369
plastic474.jpg,plastic,115,311,494,384
plastic475.jpg,plastic,97,87,247,384
plastic476.jpg,plastic,204,84,281,303
plastic477.jpg,plastic,98,76,408,290
plastic478.jpg,plastic,133,24,380,342
plastic479.jpg,plastic,182,44,363,317
plastic48.jpg,plastic,211,1,512,384
plastic480.jpg,plastic,201,146,398,383
plastic481.jpg,plastic,219,177,354,254
plastic482.jpg,plastic,201,143,302,285
plastic49.jpg,plastic,18,91,477,286
plastic5.jpg,plastic,156,51,307,311
plastic50.jpg,plastic,51,1,459,372
plastic51.jpg,plastic,43,89,335,384
plastic52.jpg,plastic,139,82,377,313
plastic53.jpg,plastic,45,23,492,384
plastic54.jpg,plastic,1,1,512,384
plastic55.jpg,plastic,1,1,391,384
plastic56.jpg,plastic,101,6,443,341
plastic57.jpg,plastic,160,57,490,384
plastic58.jpg,plastic,193,66,486,384
plastic59.jpg,plastic,37,1,469,320
plastic6.jpg,plastic,90,31,342,352
plastic60.jpg,plastic,33,148,433,290
plastic61.jpg,plastic,122,36,463,359
plastic62.jpg,plastic,104,12,408,384
plastic63.jpg,plastic,114,73,414,376
plastic64.jpg,plastic,60,39,419,296
plastic65.jpg,plastic,87,134,334,384
plastic66.jpg,plastic,20,1,512,331
plastic67.jpg,plastic,38,48,478,384
plastic68.jpg,plastic,112,1,512,288
plastic69.jpg,plastic,9,23,454,279
plastic7.jpg,plastic,42,87,333,290
plastic70.jpg,plastic,1,140,444,384
plastic71.jpg,plastic,21,27,480,314
plastic72.jpg,plastic,129,17,405,301
plastic73.jpg,plastic,172,33,353,384
plastic74.jpg,plastic,92,1,479,384
plastic75.jpg,plastic,133,1,442,309
plastic76.jpg,plastic,172,94,401,319
plastic77.jpg,plastic,137,14,461,340
plastic78.jpg,plastic,1,56,512,384
plastic79.jpg,plastic,1,1,461,384
plastic8.jpg,plastic,121,41,427,342
plastic80.jpg,plastic,57,72,489,336
plastic81.jpg,plastic,1,1,400,384
plastic82.jpg,plastic,41,1,512,384
plastic83.jpg,plastic,161,1,512,302
plastic84.jpg,plastic,142,1,511,384
plastic85.jpg,plastic,202,27,494,321
plastic86.jpg,plastic,1,93,512,384
plastic87.jpg,plastic,1,1,512,322
plastic88.jpg,plastic,102,1,492,384
plastic89.jpg,plastic,41,39,512,384
plastic9.jpg,plastic,164,136,332,248
plastic90.jpg,plastic,142,39,425,324
plastic91.jpg,plastic,196,29,417,384
plastic92.jpg,plastic,1,38,512,384
plastic93.jpg,plastic,122,63,413,384
plastic94.jpg,plastic,54,110,467,297
plastic95.jpg,plastic,1,84,512,326
plastic96.jpg,plastic,105,73,460,288
plastic97.jpg,plastic,55,47,358,327
plastic98.jpg,plastic,118,50,383,302
plastic99.jpg,plastic,55,41,326,286
